id,label,family,title,source,cccs_type,status,statement,parameter_values,gc_discussion,profile_note
ac-1,AC-1,AC,Access control policy and procedures,NIST SP 800-53 Rev. 5.2.0,activity,,"A. Develop, document, and disseminate to [Assignment: organization-defined personnel or roles]
1. [Selection (1 or more): Organization-level; Mission/business process-level; System-level] access control policy that
   a. addresses purpose, scope, roles, responsibilities, management commitment, coordination among organizational entities, and compliance
   b. is consistent with applicable laws, Orders in Council, jurisprudence, directives, regulations, policies, standards, and guidelines
2. procedures to facilitate the implementation of the access control policy and the associated access controls
   B. Designate an [Assignment: organization-defined official] to manage the development, documentation, and dissemination of the access control policy and procedures
   C. Review and update the current access control
3. policy [Assignment: organization-defined frequency] and following [Assignment: organization-defined events]
4. procedures [Assignment: organization-defined frequency] and following [Assignment: organization-defined events]",,,
ac-2,AC-2,AC,Account management,NIST SP 800-53 Rev. 5.2.0,control,,"A. Define and document the types of accounts allowed and specifically prohibited for use within the system
B. Assign account managers and data custodians
C. Require [Assignment: organization-defined prerequisites and criteria] for group and role membership
D. Specify
1. authorized users of the system
2. group and role membership
3. access authorizations (i.e., privileges) and [Assignment: organization-defined attributes (as required)] for each account
   E. Require approvals by [Assignment: organization-defined personnel or roles] for requests to create accounts
   F. Create, enable, modify, disable, and remove accounts in accordance with [Assignment: organization-defined policy, procedures, prerequisites, and criteria]
   G. Monitor the use of accounts
   H. Notify account managers and [Assignment: organization-defined personnel or roles] within
4. [Assignment: organization-defined time period] when accounts are no longer required or are dormant
5. [Assignment: organization-defined time period] when users are terminated or transferred
6. [Assignment: organization-defined time period] when system usage or need-to-know changes for an individual
   I. Authorize access to the system based on
7. a valid access authorization
8. intended system usage
9. [Assignment: organization-defined attributes (as required)]
   J. Periodically review accounts for compliance with account management requirements [Assignment: organization-defined frequency]
   K. Establish and implement a process for changing shared or group account authenticators (if deployed) when individuals are removed from the group
   L. Align account management processes with personnel termination and transfer processes Discussion: Examples of system account types include individual, shared, group, system, guest, anonymous, emergency, developer, temporary, and service. Identification of authorized system users and the specification of access privileges reflect the requirements in other controls related to security and privacy. Users requiring administrative privileges on system accounts receive additional scrutiny by organizational personnel responsible for approving such accounts and privileged access, including system owner, mission, or business owner, senior official in the department’s security governance, data custodian, or appropriate privacy senior official or executive. Types of accounts that organizations may wish to prohibit due to increased risk include shared, group, emergency, anonymous, temporary, and guest accounts. Where access involves personal information, security and privacy officials collaborate with the data custodian to establish the specific conditions for group and role membership; identify authorized users, group and role membership, and access authorizations for each account; and create, adjust, or remove system accounts in accordance with organizational policies. Policies can include such information as account expiration dates or other factors that trigger the disabling of accounts. Organizations may choose to define access privileges or other attributes by account, type of account, or a combination of the 2. Examples of other attributes required for authorizing access include restrictions on time of day, day of week, and point of origin. In defining other system account attributes, organizations consider system-related requirements and mission/business requirements. Failure to consider these factors could affect system availability. Temporary and emergency accounts are intended for short-term use. Organizations establish temporary accounts as part of normal account activation procedures when there is a need for short-term accounts without the demand for immediacy in account activation. Organizations establish emergency accounts in response to crisis situations and with the need for rapid account activation. Therefore, emergency account activation may bypass normal account authorization processes. Emergency and temporary accounts are not to be confused with infrequently used accounts, including local logon accounts used for special tasks or when network resources are unavailable (may also be known as accounts of last resort). Such accounts remain available and are not subject to automatic disabling or removal dates. Conditions for disabling or deactivating accounts include when shared/group, emergency, or temporary accounts are no longer required and when individuals are transferred or terminated. Changing shared/group authenticators when members leave the group is intended to ensure that former group members do not retain access to the shared or group account. Some types of system accounts may require specialized training.",,,
ac-2.1,AC-2(1),AC,Automated system account management,NIST SP 800-53 Rev. 5.2.0,control,,Support the management of system accounts using [Assignment: organization-defined automated mechanisms].,,,
ac-2.2,AC-2(2),AC,Automated temporary and emergency accounts management,NIST SP 800-53 Rev. 5.2.0,control,,Automatically [Selection (1): remove; disable] temporary and emergency accounts after [Assignment: organization-defined time period for each type of account].,,,
ac-2.3,AC-2(3),AC,Disable accounts,NIST SP 800-53 Rev. 5.2.0,control,,"Disable accounts within [Assignment: organization-defined time period] when the accounts
a. have expired
b. are no longer associated with a user or individual
c. are in violation of organizational policy
d. have been inactive for [Assignment: organization-defined time period]",,,
ac-2.4,AC-2(4),AC,Automated audit actions,NIST SP 800-53 Rev. 5.2.0,control,,"Automatically audit account creation, modification, enabling, disabling, and removal actions.",,,
ac-2.5,AC-2(5),AC,Inactivity logout,NIST SP 800-53 Rev. 5.2.0,control,,Require that users log out when [Assignment: organization-defined time period of expected inactivity or description of when to log out].,,,
ac-2.6,AC-2(6),AC,Dynamic privilege management,NIST SP 800-53 Rev. 5.2.0,control,,Implement [Assignment: organization-defined dynamic privilege management capabilities].,,,
ac-2.7,AC-2(7),AC,Privileged user accounts,NIST SP 800-53 Rev. 5.2.0,control,,"a. Establish and administer privileged user accounts in accordance with [Selection (1): a role-based access scheme; an attribute-based access scheme]
b. Monitor privileged role or attribute assignments
c. Monitor changes to roles or attributes
d. Revoke access when privileged role or attribute assignments are no longer appropriate",,,
ac-2.8,AC-2(8),AC,Dynamic account management,NIST SP 800-53 Rev. 5.2.0,control,,"Create, activate, manage, and deactivate [Assignment: organization-defined system accounts] dynamically.",,,
ac-2.9,AC-2(9),AC,Restrictions on use of shared and group accounts,NIST SP 800-53 Rev. 5.2.0,control,,Only permit the use of shared and group accounts that meet [Assignment: organization-defined conditions for establishing shared and group accounts].,,,
ac-2.10,AC-2(10),AC,Shared and Group Account Credential Change,NIST SP 800-53 Rev. 5.2.0,,withdrawn,,,,
ac-2.11,AC-2(11),AC,Usage conditions,NIST SP 800-53 Rev. 5.2.0,control,,Enforce [Assignment: organization-defined circumstances and/or usage conditions] for [Assignment: organization-defined system accounts].,,,
ac-2.12,AC-2(12),AC,Account monitoring for atypical usage,NIST SP 800-53 Rev. 5.2.0,control,,"a. Monitor system accounts for [Assignment: organization-defined atypical usage]
b. Report atypical usage of system accounts to [Assignment: organization-defined personnel or roles]",,,
ac-2.13,AC-2(13),AC,Disable accounts for high-risk individuals,NIST SP 800-53 Rev. 5.2.0,control,,Disable accounts of individuals within [Assignment: organization-defined time period] of discovery of [Assignment: organization-defined significant risks].,,,
ac-3,AC-3,AC,Access enforcement,NIST SP 800-53 Rev. 5.2.0,control,,Enforce approved authorizations for logical access to information and system resources in accordance with applicable access control policies.,,,
ac-3.1,AC-3(1),AC,Restricted Access to Privileged Functions,NIST SP 800-53 Rev. 5.2.0,,withdrawn,,,,
ac-3.2,AC-3(2),AC,Dual authorization,NIST SP 800-53 Rev. 5.2.0,control,,Enforce dual authorization for [Assignment: organization-defined privileged commands and/or other organization-defined actions].,,,
ac-3.3,AC-3(3),AC,Mandatory access control,NIST SP 800-53 Rev. 5.2.0,control,,"Enforce [Assignment: organization-defined mandatory access control policy] over the set of covered subjects and objects specified in the policy, and where the policy:
a. is uniformly enforced across the covered subjects and objects within the system
b. specifies that a subject that has been granted access to information is constrained from doing any of the following
1) passing the information to unauthorized subjects or objects
2) granting its privileges to other subjects
3) changing one or more security attributes (specified by the policy) on subjects, objects, the system, or system components
4) choosing the security attributes and attribute values (specified by the policy) to be associated with newly created or modified objects
5) changing the rules governing access control
   c. specifies that [Assignment: organization-defined subjects] may explicitly be granted [Assignment: organization-defined privileges] such that they are not limited by any defined subset (or all) of the above constraints",,,
ac-3.4,AC-3(4),AC,Discretionary access control,NIST SP 800-53 Rev. 5.2.0,control,,"Enforce [Assignment: organization-defined discretionary access control policy] over the set of covered subjects and objects specified in the policy, and where the policy specifies that a subject that has been granted access to information can do one or more of the following:
a. pass the information to any other subjects or objects
b. grant its privileges to other subjects
c. change security attributes on subjects, objects, the system, or the system’s components
d. choose the security attributes to be associated with newly created or revised objects
e. change the rules governing access control",,,
ac-3.5,AC-3(5),AC,Security-relevant information,NIST SP 800-53 Rev. 5.2.0,control,,"Prevent access to [Assignment: organization-defined security-relevant information] except during secure, non-operable system states.",,,
ac-3.6,AC-3(6),AC,Protection of User and System Information,NIST SP 800-53 Rev. 5.2.0,,withdrawn,,,,
ac-3.7,AC-3(7),AC,Role-based access control,NIST SP 800-53 Rev. 5.2.0,control,,Enforce a role-based access control policy over defined subjects and objects and control access based upon [Assignment: organization-defined roles and users authorized to assume such roles].,,,
ac-3.8,AC-3(8),AC,Revocation of access authorizations,NIST SP 800-53 Rev. 5.2.0,control,,Enforce the revocation of access authorizations resulting from changes to the security attributes of subjects and objects based on [Assignment: organization-defined rules governing the timing of revocations of access authorizations].,,,
ac-3.9,AC-3(9),AC,Controlled release,NIST SP 800-53 Rev. 5.2.0,control,,"Release information outside of the system only if:
a. the receiving [Assignment: organization-defined system or system component] provides [Assignment: organization-defined controls]
b. [Assignment: organization-defined controls] are used to validate the appropriateness of the information designated for release",,,
ac-3.10,AC-3(10),AC,Audited override of access control mechanisms,NIST SP 800-53 Rev. 5.2.0,control,,Employ an audited override of automated access control mechanisms under [Assignment: organization-defined conditions] by [Assignment: organization-defined roles].,,,
ac-3.11,AC-3(11),AC,Restrict access to specific information types,NIST SP 800-53 Rev. 5.2.0,control,,Restrict access to data repositories containing [Assignment: organization-defined information types].,,,
ac-3.12,AC-3(12),AC,Assert and enforce application access,NIST SP 800-53 Rev. 5.2.0,control,,"a. Require applications to assert, as part of the installation process, the access needed to the following system applications and functions: [Assignment: organization-defined system applications and functions]
b. Provide an enforcement mechanism to prevent unauthorized access
c. Approve access changes after initial installation of the application",,,
ac-3.13,AC-3(13),AC,Attribute-based access control,NIST SP 800-53 Rev. 5.2.0,control,,Enforce ABAC policy over defined subjects and objects and control access based upon [Assignment: organization-defined attributes to assume access permissions].,,,
ac-3.14,AC-3(14),AC,Individual access,NIST SP 800-53 Rev. 5.2.0,control,,Provide [Assignment: organization-defined mechanisms] to enable individuals to have access to the following elements of their personal information: [Assignment: organization-defined elements].,,"For federal departments and agencies, the Privacy Act processes can be located in the government publication, Sources of Federal Government and Employee Information, and on departmental websites. Access to certain types of records may not be appropriate or may require certain levels of authentication assurance. Organizational personnel may consult with the appropriate privacy senior official or executive and legal counsel to determine appropriate mechanisms and access rights or limitations.",
ac-3.15,AC-3(15),AC,Discretionary and mandatory access control,NIST SP 800-53 Rev. 5.2.0,control,,"a. Enforce [Assignment: organization-defined mandatory access control policy] over the set of covered subjects and objects specified in the policy
b. Enforce [Assignment: organization-defined discretionary access control policy] over the set of covered subjects and objects specified in the policy",,,
ac-4,AC-4,AC,Information flow enforcement,NIST SP 800-53 Rev. 5.2.0,control,,Enforce approved authorizations for controlling the flow of information within the system and between connected systems based on [Assignment: organization-defined information flow control policies].,,,
ac-4.1,AC-4(1),AC,Object security and privacy attributes,NIST SP 800-53 Rev. 5.2.0,control,,"Use [Assignment: organization-defined security and privacy attributes] associated with [Assignment: organization-defined information, source, and destination objects] to enforce [Assignment: organization-defined information flow control policies] as a basis for flow control decisions.",,,
ac-4.2,AC-4(2),AC,Processing domains,NIST SP 800-53 Rev. 5.2.0,control,,Use protected processing domains to enforce [Assignment: organization-defined information flow control policies] as a basis for flow control decisions.,,,
ac-4.3,AC-4(3),AC,Dynamic information flow control,NIST SP 800-53 Rev. 5.2.0,control,,Enforce [Assignment: organization-defined information flow control policies].,,,
ac-4.4,AC-4(4),AC,Flow control of encrypted information,NIST SP 800-53 Rev. 5.2.0,control,,Prevent encrypted information from bypassing [Assignment: organization-defined information flow control mechanisms] by [Selection (1 or more): decrypting the information; blocking the flow of the encrypted information; terminating communications sessions attempting to pass encrypted information; [Assignment: organization-defined procedure or method]].,,,
ac-4.5,AC-4(5),AC,Embedded data types,NIST SP 800-53 Rev. 5.2.0,control,,Enforce [Assignment: organization-defined limitations] on embedding data types within other data types.,,,
ac-4.6,AC-4(6),AC,Metadata,NIST SP 800-53 Rev. 5.2.0,control,,Enforce information flow control based on [Assignment: organization-defined metadata].,,,
ac-4.7,AC-4(7),AC,One-way flow mechanisms,NIST SP 800-53 Rev. 5.2.0,control,,Enforce one-way information flows through hardware-based flow control mechanisms.,,,
ac-4.8,AC-4(8),AC,Security and privacy policy filters,NIST SP 800-53 Rev. 5.2.0,control,,"a. Enforce information flow control using [Assignment: organization-defined security or privacy policy filters] as a basis for flow control decisions for [Assignment: organization-defined information flows].
b. [Selection (1 or more): Block; Strip; Modify; Quarantine] data after a filter processing failure in accordance with [Assignment: organization-defined security or privacy policy].",,,
ac-4.9,AC-4(9),AC,Human reviews,NIST SP 800-53 Rev. 5.2.0,control,,Enforce the use of human reviews for [Assignment: organization-defined information flows] under the following conditions: [Assignment: organization-defined conditions].,,,
ac-4.10,AC-4(10),AC,Enable and disable security or privacy policy filters,NIST SP 800-53 Rev. 5.2.0,control,,Provide the capability for privileged administrators to enable and disable [Assignment: organization-defined security or privacy policy filters] under the following conditions: [Assignment: organization-defined conditions].,,,
ac-4.11,AC-4(11),AC,Configuration of security or privacy policy filters,NIST SP 800-53 Rev. 5.2.0,control,,Provide the capability for privileged administrators to configure [Assignment: organization-defined security or privacy policy filters] to support different security or privacy policies.,,,
ac-4.12,AC-4(12),AC,Data type identifiers,NIST SP 800-53 Rev. 5.2.0,control,,"When transferring information between different security domains, use [Assignment: organization-defined data type identifiers] to validate data essential for information flow decisions.",,,
ac-4.13,AC-4(13),AC,Decomposition into policy-relevant subcomponents,NIST SP 800-53 Rev. 5.2.0,control,,"When transferring information between different security domains, decompose information into [Assignment: organization-defined policy-relevant subcomponents] for submission to policy enforcement mechanisms.",,,
ac-4.14,AC-4(14),AC,Security or privacy policy filter constraints,NIST SP 800-53 Rev. 5.2.0,control,,"When transferring information between different security domains, implement [Assignment: organization-defined security or privacy policy filters] requiring fully enumerated formats that restrict data structure and content.",,,
ac-4.15,AC-4(15),AC,Detection of unsanctioned information,NIST SP 800-53 Rev. 5.2.0,control,,"When transferring information between different security domains, examine the information for the presence of [Assignment: organization-defined unsanctioned information] and prohibit the transfer of such information in accordance with the [Assignment: organization-defined security or privacy policy].",,,
ac-4.16,AC-4(16),AC,Information Transfers on Interconnected Systems,NIST SP 800-53 Rev. 5.2.0,,withdrawn,,,,
ac-4.17,AC-4(17),AC,Domain authentication,NIST SP 800-53 Rev. 5.2.0,control,,Uniquely identify and authenticate source and destination points by [Selection (1 or more): organization; system; application; service; individual] for information transfer.,,,
ac-4.18,AC-4(18),AC,Security Attribute Binding,NIST SP 800-53 Rev. 5.2.0,,withdrawn,,,,
ac-4.19,AC-4(19),AC,Validation of metadata,NIST SP 800-53 Rev. 5.2.0,control,,"When transferring information between different security domains, implement [Assignment: organization-defined security or privacy policy filters] on metadata.",,,
ac-4.20,AC-4(20),AC,Approved solutions,NIST SP 800-53 Rev. 5.2.0,control,,Employ [Assignment: organization-defined solutions in approved configurations] to control the flow of [Assignment: organization-defined information] across security domains.,,The Cyber Centre provides recommendations on certified cross-domain solution (CDS) products and design patterns. Contact the Cyber Centre at contact@cyber.gc.ca for more information.,
ac-4.21,AC-4(21),AC,Physical or logical separation of information flows,NIST SP 800-53 Rev. 5.2.0,control,,Separate information flows logically or physically using [Assignment: organization-defined mechanisms and/or techniques] to accomplish [Assignment: organization-defined required separations by types of information].,,,
ac-4.22,AC-4(22),AC,Access only,NIST SP 800-53 Rev. 5.2.0,control,,"Provide access from a single device to computing platforms, applications, or data residing in multiple different security domains, while preventing information flow between the different security domains.",,,
ac-4.23,AC-4(23),AC,Modify non-releasable information,NIST SP 800-53 Rev. 5.2.0,control,,"When transferring information between different security domains, modify non-releasable information by implementing [Assignment: organization-defined modification action].",,,
ac-4.24,AC-4(24),AC,Internal normalized format,NIST SP 800-53 Rev. 5.2.0,control,,"When transferring information between different security domains, parse incoming data into an internal normalized format and regenerate the data to be consistent with its intended specification.",,,
ac-4.25,AC-4(25),AC,Data sanitization,NIST SP 800-53 Rev. 5.2.0,control,,"When transferring information between different security domains, sanitize data to minimize [Selection (1 or more): delivery of malicious content, command and control of malicious code, malicious code augmentation, and steganography encoded data; spillage of sensitive information] in accordance with [Assignment: organization-defined policy].",,,
ac-4.26,AC-4(26),AC,Audit filtering actions,NIST SP 800-53 Rev. 5.2.0,control,,"When transferring information between different security domains, record and audit content filtering actions and results for the information being filtered.",,,
ac-4.27,AC-4(27),AC,Redundant/independent filtering mechanisms,NIST SP 800-53 Rev. 5.2.0,control,,"When transferring information between different security domains, implement content filtering solutions that provide redundant and independent filtering mechanisms for each data type.",,,
ac-4.28,AC-4(28),AC,Linear filter pipelines,NIST SP 800-53 Rev. 5.2.0,control,,"When transferring information between different security domains, implement a linear content filter pipeline that is enforced with discretionary and mandatory access controls.",,,
ac-4.29,AC-4(29),AC,Filter orchestration engines,NIST SP 800-53 Rev. 5.2.0,control,,"When transferring information between different security domains, employ content filter orchestration engines to ensure that:
a. content filtering mechanisms successfully complete execution without errors
b. content filtering actions occur in the correct order and comply with [Assignment: organization-defined policy]",,,
ac-4.30,AC-4(30),AC,Filter mechanisms using multiple processes,NIST SP 800-53 Rev. 5.2.0,control,,"When transferring information between different security domains, implement content filtering mechanisms using multiple processes.",,,
ac-4.31,AC-4(31),AC,Failed content transfer prevention,NIST SP 800-53 Rev. 5.2.0,control,,"When transferring information between different security domains, prevent the transfer of failed content to the receiving domain.",,,
ac-4.32,AC-4(32),AC,Process requirements for information transfer,NIST SP 800-53 Rev. 5.2.0,control,,"When transferring information between different security domains, the process that transfers information between filter pipelines:
a. does not filter message content
b. validates filtering metadata
c. ensures the content associated with the filtering metadata has successfully completed filtering
d. transfers the content to the destination filter pipeline",,,
ac-5,AC-5,AC,Separation of duties,NIST SP 800-53 Rev. 5.2.0,control,,"A. Identify and document [Assignment: organization-defined duties of individuals requiring separation]
B. Define system access authorizations to support separation of duties",,,
ac-6,AC-6,AC,Least privilege,NIST SP 800-53 Rev. 5.2.0,control,,"Employ the principle of least privilege, allowing only authorized accesses for users (or processes acting on behalf of users) that are necessary to accomplish assigned organizational tasks.",,,
ac-6.1,AC-6(1),AC,Authorize access to security functions,NIST SP 800-53 Rev. 5.2.0,control,,"Authorize access for [Assignment: organization-defined individuals or roles] to:
a. [Assignment: organization-defined security functions (deployed in hardware, software, and firmware)]
b. [Assignment: organization-defined security-relevant information]",,,
ac-6.2,AC-6(2),AC,Non-privileged access to non-security functions,NIST SP 800-53 Rev. 5.2.0,control,,"Require that users of system accounts (or roles) with access to [Assignment: organization-defined security functions or security-relevant information] use non-privileged accounts or roles, when accessing non-security functions.",,,
ac-6.3,AC-6(3),AC,Network access to privileged commands,NIST SP 800-53 Rev. 5.2.0,control,,Authorize network access to [Assignment: organization-defined privileged commands] only for [Assignment: organization-defined compelling operational needs] and document the rationale for such access in the security plan for the system.,,,
ac-6.4,AC-6(4),AC,Separate processing domains,NIST SP 800-53 Rev. 5.2.0,control,,Provide separate processing domains to enable finer-grained allocation of user privileges.,,,
ac-6.5,AC-6(5),AC,Privileged accounts,NIST SP 800-53 Rev. 5.2.0,control,,Restrict privileged accounts on the system to [Assignment: organization-defined personnel or roles].,,,
ac-6.6,AC-6(6),AC,Privileged access by non-organizational users,NIST SP 800-53 Rev. 5.2.0,control,,Prohibit privileged access to the system by non-organizational users.,,,
ac-6.7,AC-6(7),AC,Review of user privileges,NIST SP 800-53 Rev. 5.2.0,control,,"a. Review [Assignment: organization-defined frequency] the privileges assigned to [Assignment: organization-defined roles or classes of users] to validate the need for such privileges
b. Reassign or remove privileges, if necessary, to correctly reflect organizational mission and business needs",,,
ac-6.8,AC-6(8),AC,Privilege levels for code execution,NIST SP 800-53 Rev. 5.2.0,control,,Prevent the following software from executing at higher privilege levels than users executing the software: [Assignment: organization-defined software].,,,
ac-6.9,AC-6(9),AC,Log use of privileged functions,NIST SP 800-53 Rev. 5.2.0,control,,Log the execution of privileged functions.,,,
ac-6.10,AC-6(10),AC,Prohibit non-privileged users from executing privileged functions,NIST SP 800-53 Rev. 5.2.0,control,,Prevent non-privileged users from executing privileged functions.,,,
ac-7,AC-7,AC,Unsuccessful logon attempts,NIST SP 800-53 Rev. 5.2.0,control,,"A. Enforce a limit of [Assignment: organization-defined number] consecutive invalid logon attempts by a user during a [Assignment: organization-defined time period]
B. Automatically [Selection (1 or more): lock the account or node for an [Assignment: organization-defined time period]; lock the account or node until released by an administrator; delay next logon prompt per [Assignment: organization-defined delay algorithm]; notify system administrator; take other [Assignment: organization-defined action]] when the maximum number of unsuccessful attempts is exceeded",,,
ac-7.1,AC-7(1),AC,Automatic Account Lock,NIST SP 800-53 Rev. 5.2.0,,withdrawn,,,,
ac-7.2,AC-7(2),AC,Purge or wipe mobile device,NIST SP 800-53 Rev. 5.2.0,control,,"Purge or wipe information from [Assignment: organization-defined mobile devices] based on [Assignment: organization-defined purging or wiping requirements and techniques] after [Assignment: organization-defined number] consecutive, unsuccessful device logon attempts.",,,
ac-7.3,AC-7(3),AC,Biometric attempt limiting,NIST SP 800-53 Rev. 5.2.0,control,,Limit the number of unsuccessful biometric logon attempts to [Assignment: organization-defined number].,,,
ac-7.4,AC-7(4),AC,Use of alternate authentication factor,NIST SP 800-53 Rev. 5.2.0,control,,"a. Allow the use of [Assignment: organization-defined authentication factors] that are different from the primary authentication factors after the number of organization-defined consecutive invalid logon attempts have been exceeded
b. Enforce a limit of [Assignment: organization-defined number] consecutive invalid logon attempts through use of the alternative factors by a user during a [Assignment: organization-defined time period]",,,
ac-8,AC-8,AC,System use notification,NIST SP 800-53 Rev. 5.2.0,control,,"A. Display [Assignment: organization-defined system use notification message or banner] to users before granting access to the system that provides privacy and security notices consistent with applicable laws, Orders in Council, directives, regulations, policies, standards, and guidelines and state that
1. users are accessing a GC system
2. system usage may be monitored, recorded, and subject to audit
3. unauthorized use of the system is prohibited and subject to criminal and civil penalties
4. the relevant personal information bank (PIB) reference, if applicable
5. legal authority for the collection of personal information
6. any legal or administrative consequences for refusing to provide the personal information
7. the rights of access to, correction and protection of personal information
8. how the information will be used
9. the right to file a complaint to the Privacy Commissioner of Canada regarding the institution’s handling of the individual’s personal information
   B. Retain the notification message or banner on the screen until users acknowledge the usage conditions and take explicit actions to log on to or further access the system
   C. For publicly accessible systems
10. display system use information [Assignment: organization-defined conditions], before granting further access to the publicly accessible system
11. display references, if any, to monitoring, recording, or auditing that are consistent with privacy accommodations for such systems that generally prohibit those activities
12. include a description of the authorized uses of the system",,Organizations consult with the privacy office for input regarding privacy messaging and the TBS or organizational equivalent for legal review and approval of warning banner content. System use notifications may be privacy notice statements (PNS) for systems users.,
ac-9,AC-9,AC,Previous logon notification,NIST SP 800-53 Rev. 5.2.0,control,,"Notify the user, upon successful logon to the system, of the date and time of the last logon.",,,
ac-9.1,AC-9(1),AC,Unsuccessful logons,NIST SP 800-53 Rev. 5.2.0,control,,"Notify the user, upon successful logon, of the number of unsuccessful logon attempts since the last successful logon.",,,
ac-9.2,AC-9(2),AC,Successful and unsuccessful logons,NIST SP 800-53 Rev. 5.2.0,control,,"Notify the user, upon successful logon, of the number of [Selection (1): successful logons; unsuccessful logon attempts; both] during [Assignment: organization-defined time period].",,,
ac-9.3,AC-9(3),AC,Notification of account changes,NIST SP 800-53 Rev. 5.2.0,control,,"Notify the user, upon successful logon, of changes to [Assignment: organization-defined security-related characteristics or parameters of the user’s account] during [Assignment: organization-defined time period].",,,
ac-9.4,AC-9(4),AC,Additional logon information,NIST SP 800-53 Rev. 5.2.0,control,,"Notify the user, upon successful logon, of the following additional information: [Assignment: organization-defined additional information].",,,
ac-10,AC-10,AC,Concurrent session control,NIST SP 800-53 Rev. 5.2.0,control,,Limit the number of concurrent sessions for each [Assignment: organization-defined account and/or account type] to [Assignment: organization-defined number].,,,
ac-11,AC-11,AC,Device lock,NIST SP 800-53 Rev. 5.2.0,control,,"A. Prevent further access to the system by [Selection (1 or more): initiating a device lock after [Assignment: organization-defined tie period] of inactivity; requiring the user to initiate a device lock before leaving the system unattended]
B. Retain the device lock until the user re-establishes access using established identification and authentication procedures",,,
ac-11.1,AC-11(1),AC,Pattern-hiding displays,NIST SP 800-53 Rev. 5.2.0,control,,"Conceal, via the device lock, information previously visible on the display with a publicly viewable image.",,,
ac-12,AC-12,AC,Session termination,NIST SP 800-53 Rev. 5.2.0,control,,Automatically terminate a user session after [Assignment: organization-defined conditions or trigger events requiring session disconnect].,,,
ac-12.1,AC-12(1),AC,User-initiated logouts,NIST SP 800-53 Rev. 5.2.0,control,,Provide a logout capability for user-initiated communications sessions whenever authentication is used to gain access to [Assignment: organization-defined information resources].,,,
ac-12.2,AC-12(2),AC,Termination message,NIST SP 800-53 Rev. 5.2.0,control,,Display an explicit logout message to users indicating the termination of authenticated communications sessions.,,,
ac-12.3,AC-12(3),AC,Timeout warning message,NIST SP 800-53 Rev. 5.2.0,control,,Display an explicit message to users indicating that the session will end in [Assignment: organization-defined time until end of session].,,,
ac-13,AC-13,AC,Supervision and Review — Access Control,NIST SP 800-53 Rev. 5.2.0,,withdrawn,,,,
ac-14,AC-14,AC,Permitted actions without identification or authentication,NIST SP 800-53 Rev. 5.2.0,control,,"A. Identify [Assignment: organization-defined user actions] that can be performed on the system without identification or authentication consistent with organizational mission and business functions
B. Document and provide supporting rationale in the security plan for the system, user actions not requiring identification or authentication",,,
ac-14.1,AC-14(1),AC,Necessary Uses,NIST SP 800-53 Rev. 5.2.0,,withdrawn,,,,
ac-15,AC-15,AC,Automated Marking,NIST SP 800-53 Rev. 5.2.0,,withdrawn,,,,
ac-16,AC-16,AC,Security and privacy attributes,NIST SP 800-53 Rev. 5.2.0,control,,"A. Provide the means to associate [Assignment: organization-defined types of security and privacy attributes] with [Assignment: organization-defined security and privacy attribute values] for information in storage, in process, and/or in transmission
B. Ensure that the attribute associations are made and retained with the information
C. Establish the following permitted security and privacy attributes from the attributes defined in AC-16A for [Assignment: organization-defined systems]: [Assignment: organization-defined security and privacy attributes]
D. Determine the following permitted attribute values or ranges for each of the established attributes: [Assignment: organization-defined attribute values or ranges for established attributes]
E. Audit changes to attributes
F. Review [Assignment: organization-defined security and privacy attributes] for applicability [Assignment: organization-defined frequency]",,,
ac-16.1,AC-16(1),AC,Dynamic attribute association,NIST SP 800-53 Rev. 5.2.0,control,,Dynamically associate security and privacy attributes with [Assignment: organization-defined subjects and objects] in accordance with the following security and privacy policies as information is created and combined: [Assignment: organization-defined security and privacy policies].,,,
ac-16.2,AC-16(2),AC,Attribute value changes by authorized individuals,NIST SP 800-53 Rev. 5.2.0,control,,Provide authorized individuals (or processes acting on behalf of individuals) the capability to define or change the value of associated security and privacy attributes.,,,
ac-16.3,AC-16(3),AC,Maintenance of attribute associations by system,NIST SP 800-53 Rev. 5.2.0,control,,Maintain the association and integrity of [Assignment: organization-defined security and privacy attributes] to [Assignment: organization-defined subjects and objects].,,,
ac-16.4,AC-16(4),AC,Association of attributes by authorized individuals,NIST SP 800-53 Rev. 5.2.0,control,,Provide the capability to associate [Assignment: organization-defined security and privacy attributes] with [Assignment: organization-defined subjects and objects] by authorized individuals (or processes acting on behalf of individuals).,,,
ac-16.5,AC-16(5),AC,Attribute displays on objects to be output,NIST SP 800-53 Rev. 5.2.0,control,,"Display security and privacy attributes in human-readable form on each object that the system transmits to output devices to identify [Assignment: organization-defined special dissemination, handling, or distribution instructions] using [Assignment: organization-defined human-readable, standard naming conventions].",,,
ac-16.6,AC-16(6),AC,Maintenance of attribute association,NIST SP 800-53 Rev. 5.2.0,control,,Require personnel to associate and maintain the association of [Assignment: organization-defined security and privacy attributes] with [Assignment: organization-defined subjects and objects] in accordance with [Assignment: organization-defined security and privacy policies].,,,
ac-16.7,AC-16(7),AC,Consistent attribute interpretation,NIST SP 800-53 Rev. 5.2.0,control,,Provide a consistent interpretation of security and privacy attributes transmitted between distributed system components.,,,
ac-16.8,AC-16(8),AC,Association techniques and technologies,NIST SP 800-53 Rev. 5.2.0,control,,Implement [Assignment: organization-defined techniques and technologies] in associating security and privacy attributes to information.,,,
ac-16.9,AC-16(9),AC,Attribute reassignment — regrading mechanisms,NIST SP 800-53 Rev. 5.2.0,control,,Change security and privacy attributes associated with information only via regrading mechanisms validated using [Assignment: organization-defined techniques or procedures].,,,
ac-16.10,AC-16(10),AC,Attribute configuration by authorized individuals,NIST SP 800-53 Rev. 5.2.0,control,,Provide authorized individuals the capability to define or change the type and value of security and privacy attributes available for association with subjects and objects.,,,
ac-17,AC-17,AC,Remote access,NIST SP 800-53 Rev. 5.2.0,control,,"A. Establish and document usage restrictions, configuration/connection requirements, and implementation guidance for each type of remote access allowed
B. Authorize each type of remote access to the system prior to allowing such connections",,"The organization ensures that all employees working off-site safeguard information as per the minimum requirements in accordance with the TBS Directive on Security Management, Appendix C: Mandatory Procedures for Physical Security Control.",
ac-17.1,AC-17(1),AC,Monitoring and control,NIST SP 800-53 Rev. 5.2.0,control,,Employ automated mechanisms to monitor and control remote access methods.,,,
ac-17.2,AC-17(2),AC,Protection of confidentiality and integrity using encryption,NIST SP 800-53 Rev. 5.2.0,control,,Implement cryptographic mechanisms to protect the confidentiality and integrity of remote access sessions.,,,
ac-17.3,AC-17(3),AC,Managed access control points,NIST SP 800-53 Rev. 5.2.0,control,,Route remote accesses through authorized and managed network access control points.,,GC departments and agencies consider the secure remote access infrastructure provided by Shared Services Canada for external network connections.,
ac-17.4,AC-17(4),AC,Privileged commands and access,NIST SP 800-53 Rev. 5.2.0,control,,"a. Authorize the execution of privileged commands and access to security-relevant information via remote access only in a format that provides trustworthy evidence and for the following needs: [Assignment: organization-defined needs]
b. Document the rationale for remote access in the security plan for the system",,,
ac-17.5,AC-17(5),AC,Monitoring for Unauthorized Connections,NIST SP 800-53 Rev. 5.2.0,,withdrawn,,,,
ac-17.6,AC-17(6),AC,Protection of mechanism information,NIST SP 800-53 Rev. 5.2.0,control,,Protect information about remote access mechanisms from unauthorized use and disclosure.,,,
ac-17.7,AC-17(7),AC,Additional Protection for Security Function Access,NIST SP 800-53 Rev. 5.2.0,,withdrawn,,,,
ac-17.8,AC-17(8),AC,Disable Nonsecure Network Protocols,NIST SP 800-53 Rev. 5.2.0,,withdrawn,,,,
ac-17.9,AC-17(9),AC,Disconnect or disable access,NIST SP 800-53 Rev. 5.2.0,control,,Provide the capability to disconnect or disable remote access to the system within [Assignment: organization-defined time period].,,,
ac-17.10,AC-17(10),AC,Authenticate remote commands,NIST SP 800-53 Rev. 5.2.0,control,,Implement [Assignment: organization-defined mechanisms] to authenticate [Assignment: organization-defined remote commands].,,,
ac-17.400,AC-17(400),AC,Privileged accounts remote access,CCCS,control,,Remote access to privileged accounts is done from dedicated management consoles only.,,,
ac-18,AC-18,AC,Wireless access,NIST SP 800-53 Rev. 5.2.0,control,,"A. Establish configuration requirements, connection requirements, and implementation guidance for each type of wireless access
B. Authorize each type of wireless access to the system prior to allowing such connections",,,
ac-18.1,AC-18(1),AC,Authentication and encryption,NIST SP 800-53 Rev. 5.2.0,control,,Protect wireless access to the system using authentication of [Selection (1 or more): users; devices] and encryption.,,,
ac-18.2,AC-18(2),AC,Monitoring Unauthorized Connections,NIST SP 800-53 Rev. 5.2.0,,withdrawn,,,,
ac-18.3,AC-18(3),AC,Disable wireless networking,NIST SP 800-53 Rev. 5.2.0,control,,"Disable, when not intended for use, wireless networking capabilities embedded within system components prior to issuance and deployment.",,,
ac-18.4,AC-18(4),AC,Restrict configurations by users,NIST SP 800-53 Rev. 5.2.0,control,,Identify and explicitly authorize users allowed to independently configure wireless networking capabilities.,,,
ac-18.5,AC-18(5),AC,Antennas and transmission power levels,NIST SP 800-53 Rev. 5.2.0,control,,Select radio antennas and calibrate transmission power levels to reduce the probability that signals from wireless access points can be received outside of organization-controlled boundaries.,,,
ac-19,AC-19,AC,Access control for mobile devices,NIST SP 800-53 Rev. 5.2.0,control,,"A. Establish configuration requirements, connection requirements, and implementation guidance for organization-controlled mobile devices, to include when such devices are outside of controlled areas
B. Authorize the connection of mobile devices to organizational systems",,,
ac-19.1,AC-19(1),AC,Use of Writable and Portable Storage Devices,NIST SP 800-53 Rev. 5.2.0,,withdrawn,,,,
ac-19.2,AC-19(2),AC,Use of Personally Owned Portable Storage Devices,NIST SP 800-53 Rev. 5.2.0,,withdrawn,,,,
ac-19.3,AC-19(3),AC,Use of Portable Storage Devices with No Identifiable Owner,NIST SP 800-53 Rev. 5.2.0,,withdrawn,,,,
ac-19.4,AC-19(4),AC,Restrictions for classified information,NIST SP 800-53 Rev. 5.2.0,control,,"a. Prohibit the use of unclassified mobile devices in facilities containing systems processing, storing, or transmitting classified information unless specifically permitted by the authorizing official
b. Enforce the following restrictions on individuals permitted by the authorizing official to use unclassified mobile devices in facilities containing systems processing, storing, or transmitting classified information
1) connection of unclassified mobile devices to classified systems is prohibited
2) connection of unclassified mobile devices to unclassified systems requires approval from the authorizing official
3) use of internal or external modems or wireless interfaces within the unclassified mobile devices is prohibited
4) unclassified mobile devices and the information stored on those devices are subject to random reviews and inspections by [Assignment: organization-defined security officials], and if classified information is found, the incident handling policy is followed
   c. Restrict the connection of classified mobile devices to classified systems in accordance with [Assignment: organization-defined security policies]",,,
ac-19.5,AC-19(5),AC,Full device or container-based encryption,NIST SP 800-53 Rev. 5.2.0,control,,Employ [Selection: full-device encryption; container-based encryption] to protect the confidentiality and integrity of information on [Assignment: organization-defined mobile devices].,,,
ac-19.400,AC-19(400),AC,Wireless devices,CCCS,,withdrawn,Moved to SC-42(400).,,,
ac-20,AC-20,AC,Use of external systems,NIST SP 800-53 Rev. 5.2.0,control,,"A. [Selection (1 or more): Establish [Assignment: organization-defined terms and conditions]; Identify [Assignment: organization-defined controls asserted to be implemented on external systems]], consistent with the trust relationships established with other organizations owning, operating, and/or maintaining external systems, allowing authorized individuals to
1. access the system from external systems
2. process, store, or transmit organization-controlled information using external systems
   B. Prohibit the use of [Assignment: organizationally-defined types of external systems]",,,
ac-20.1,AC-20(1),AC,Limits on authorized use,NIST SP 800-53 Rev. 5.2.0,control,,"Permit authorized individuals to use an external system to access the system or to process, store, or transmit organization-controlled information only after
a. verification of the implementation of controls on the external system as specified in the organization’s security and privacy policies and security and privacy plans
b. retention of approved system connection or processing agreements with the organizational entity hosting the external system",,,
ac-20.2,AC-20(2),AC,Portable storage devices — restricted use,NIST SP 800-53 Rev. 5.2.0,control,,Restrict the use of organization-controlled portable storage devices by authorized individuals on external systems using [Assignment: organization-defined restrictions].,,,
ac-20.3,AC-20(3),AC,Non-organizationally owned systems — restricted use,NIST SP 800-53 Rev. 5.2.0,control,,"Restrict the use of non-organizationally owned systems or system components to process, store, or transmit organizational information using [Assignment: organization-defined restrictions].",,,
ac-20.4,AC-20(4),AC,Network accessible storage devices — prohibited use,NIST SP 800-53 Rev. 5.2.0,control,,Prohibit the use of [Assignment: organization-defined network accessible storage devices] in external systems.,,,
ac-20.5,AC-20(5),AC,Portable storage devices — prohibited use,NIST SP 800-53 Rev. 5.2.0,control,,Prohibit the use of organization-controlled portable storage devices by authorized individuals on external systems.,,,
ac-21,AC-21,AC,Information sharing,NIST SP 800-53 Rev. 5.2.0,control,,"A. Enable authorized users to determine whether access authorizations assigned to a sharing partner match the information’s access and use restrictions for [Assignment: organization-defined information sharing circumstances where user discretion is required]
B. Employ [Assignment: organization-defined automated mechanisms or manual processes] to assist users in making information sharing and collaboration decisions",,,
ac-21.1,AC-21(1),AC,Automated decision support,NIST SP 800-53 Rev. 5.2.0,control,,Employ [Assignment: organization-defined automated mechanisms] to enforce information-sharing decisions by authorized users based on access authorizations of sharing partners and access restrictions on information to be shared.,,,
ac-21.2,AC-21(2),AC,Information search and retrieval,NIST SP 800-53 Rev. 5.2.0,control,,Implement information search and retrieval services that enforce [Assignment: organization-defined information sharing restrictions].,,,
ac-21.400,AC-21(400),AC,Information sharing agreement,CCCS,control,,Ensure through written agreements the appropriate safeguarding of sensitive information shared with external public-sector entities and organizations.,,,
ac-21.401,AC-21(401),AC,Information sharing arrangement,CCCS,control,,Ensure through written arrangements the appropriate safeguarding of sensitive information shared between and within federal institutions.,,"An arrangement outlines the terms and conditions under which personal information is disclosed between parties and is not legally binding. Ensure that the arrangement documents the legislative authorities, permissible uses, and retention standards for the recipient organization.",
ac-22,AC-22,AC,Publicly accessible content,NIST SP 800-53 Rev. 5.2.0,control,,"A. Designate individuals authorized to make information publicly accessible
B. Train authorized individuals to ensure that publicly accessible information does not contain non-public information
C. Review the proposed content of information prior to posting onto the publicly accessible system to ensure that non-public information is not included
D. Review the content on the publicly accessible system for non-public information [Assignment: organization-defined frequency] and remove such information, if discovered",,,
ac-23,AC-23,AC,Data mining protection,NIST SP 800-53 Rev. 5.2.0,control,,Employ [Assignment: organization-defined data mining prevention and detection techniques] for [Assignment: organization-defined data storage objects] to detect and protect against unauthorized data mining.,,"The creation of personal information is governed by the same restrictions designated in the Privacy Act related to the collection of personal information. Organizations may be subject to applicable laws, Orders in Council, directives, regulations, or policies that address data mining requirements. Organizational personnel consult with the appropriate privacy senior official or executive and legal counsel regarding such requirements.",
ac-24,AC-24,AC,Access control decisions,NIST SP 800-53 Rev. 5.2.0,control,,[Selection (1 or more): Establish procedures; Implement mechanisms] to ensure [Assignment: organization-defined access control decisions] are applied to each access request prior to access enforcement.,,,
ac-24.1,AC-24(1),AC,Transmit access authorization information,NIST SP 800-53 Rev. 5.2.0,control,,Transmit [Assignment: organization-defined access authorization information] using [Assignment: organization-defined controls] to [Assignment: organization-defined systems] that enforce access control decisions.,,,
ac-24.2,AC-24(2),AC,No user or process identity,NIST SP 800-53 Rev. 5.2.0,control,,Enforce access control decisions based on [Assignment: organization-defined security or privacy attributes] that do not include the identity of the user or process acting on behalf of the user.,,,
ac-25,AC-25,AC,Reference monitor,NIST SP 800-53 Rev. 5.2.0,control,,"Implement a reference monitor for [Assignment: organization-defined access control policies] that is tamper-proof, always invoked, and small enough to be subject to analysis and testing, the completeness of which can be assured.",,,
at-1,AT-1,AT,Awareness and training policy and procedures,NIST SP 800-53 Rev. 5.2.0,activity,,"A. Develop, document, and disseminate to [Assignment: organization-defined personnel or roles]
1. [Selection (1 or more): Organization-level; Mission/business process-level; System-level] awareness and training policy that
   a. addresses purpose, scope, roles, responsibilities, management commitment, coordination among organizational entities, and compliance
   b. is consistent with applicable laws, jurisprudence, Orders in Council, directives, regulations, policies, standards, and guidelines
2. procedures to facilitate the implementation of the awareness and training policy and the associated awareness and training controls
   B. Designate an [Assignment: organization-defined official] to manage the development, documentation, and dissemination of the awareness and training policy and procedures
   C. Review and update the current awareness and training
3. policy [Assignment: organization-defined frequency] and following [Assignment: organization-defined events]
4. procedures [Assignment: organization-defined frequency] and following [Assignment: organization-defined events]",,,
at-2,AT-2,AT,Literacy training and awareness,NIST SP 800-53 Rev. 5.2.0,control,,"A. Provide security and privacy literacy training to system users (including managers, senior executives, and contractors)
1. as part of initial training for new users and [Assignment: organization-defined frequency] thereafter
2. when required by system changes or following [Assignment: organization-defined events]
   B. Employ the following techniques to increase the security and privacy awareness of system users [Assignment: organization-defined awareness techniques]
   C. Update literacy training and awareness content [Assignment: organization-defined frequency] and following [Assignment: organization-defined events]
   D. Incorporate lessons learned from internal or external security incidents or breaches into literacy training and awareness techniques",,"Organizations provide privacy content that covers, at minimum, the items addressed in the Mandatory Procedures for Privacy Training of the TBS Directive on Personal Information Requests and Correction of Personal Information.",
at-2.1,AT-2(1),AT,Practical exercises,NIST SP 800-53 Rev. 5.2.0,control,,Provide practical exercises in literacy training that simulate events and incidents.,,,
at-2.2,AT-2(2),AT,Insider threat,NIST SP 800-53 Rev. 5.2.0,control,,Provide literacy training on recognizing and reporting potential indicators of insider threat.,,,
at-2.3,AT-2(3),AT,Social engineering and mining,NIST SP 800-53 Rev. 5.2.0,control,,Provide literacy training on recognizing and reporting potential and actual instances of social engineering and social mining.,,,
at-2.4,AT-2(4),AT,Suspicious communications and anomalous system behaviour,NIST SP 800-53 Rev. 5.2.0,control,,Provide literacy training on recognizing suspicious communications and anomalous behaviour in organizational systems using [Assignment: organization-defined indicators of malicious code].,,,
at-2.5,AT-2(5),AT,Advanced persistent threat,NIST SP 800-53 Rev. 5.2.0,control,,Provide literacy training on the advanced persistent threat.,,,
at-2.6,AT-2(6),AT,Cyber threat environment,NIST SP 800-53 Rev. 5.2.0,control,,"a. Provide literacy training on the cyber threat environment
b. Reflect current cyber threat information in system operations",,,
at-3,AT-3,AT,Role-based training,NIST SP 800-53 Rev. 5.2.0,control,,"A. Provide role-based security and privacy training to personnel with the following roles and responsibilities: [Assignment: organization-defined roles and responsibilities]
1. before authorizing access to the system, information, or performing assigned duties, and [Assignment: organization-defined frequency] thereafter
2. when required by system changes
   B. Update role-based training content [Assignment: organization-defined frequency] and following [Assignment: organization-defined events]
   C. Incorporate lessons learned from internal or external security incidents or breaches into role-based training.",,Ensure that employees of government institutions receive privacy training as outlined in Appendix B of the TBS Directive on Personal Information Requests and Correction of Personal Information.,
at-3.1,AT-3(1),AT,Environmental controls,NIST SP 800-53 Rev. 5.2.0,control,,Provide [Assignment: organization-defined personnel or roles] with initial and [Assignment: organization-defined frequency] training in the employment and operation of environmental controls.,,,
at-3.2,AT-3(2),AT,Physical security controls,NIST SP 800-53 Rev. 5.2.0,control,,Provide [Assignment: organization-defined personnel or roles] with initial and [Assignment: organization-defined frequency] training in the employment and operation of physical security controls.,,,
at-3.3,AT-3(3),AT,Practical exercises,NIST SP 800-53 Rev. 5.2.0,control,,Provide practical exercises in security and privacy training that reinforce training objectives.,,,
at-3.4,AT-3(4),AT,Suspicious Communications and Anomalous System Behavior,NIST SP 800-53 Rev. 5.2.0,,withdrawn,,,,
at-3.5,AT-3(5),AT,Handling personal information,NIST SP 800-53 Rev. 5.2.0,control,,Provide [Assignment: organization-defined personnel or roles] with initial and [Assignment: organization-defined frequency] training in the employment and operation of personal information handling and transparency controls.,,"Role-based training for GC departments and agencies addresses the applicable definitions, such as the types of information that may constitute personal information and the risks, considerations, and obligations associated with its handling. Such training also considers the authority to collect and use personal information documented in TBS and institution-specific privacy policies and notices, PIBs, privacy notice statements, PIAs, the Privacy Act, contracts, information sharing agreements and arrangements, memoranda of understanding, and/or other documentation. The training covers the responsibilities of employees for the management of personal information and management of privacy breaches. It also addresses the complaints process and review by the courts of GC institutions handling personal information.",
at-4,AT-4,AT,Training records,NIST SP 800-53 Rev. 5.2.0,control,,"A. Document and monitor information security and privacy training activities, including security and privacy awareness training and specific role-based security and privacy training
B. Retain individual training records for [Assignment: organization-defined time period]",,Library and Archives Canada provides guidance on records retention for GC departments and agencies.,
at-5,AT-5,AT,Contacts with Security Groups and Associations,NIST SP 800-53 Rev. 5.2.0,,withdrawn,,,,
at-6,AT-6,AT,Training feedback,NIST SP 800-53 Rev. 5.2.0,control,,Provide feedback on organizational training results to the following personnel [Assignment: organization-defined frequency]: [Assignment: organization-defined personnel].,,"Collection of individual’s personal opinions and views related to training is considered to be personal information; as such, notice should be provided to respondents participating in the feedback process.",
au-1,AU-1,AU,Audit and accountability policy and procedures,NIST SP 800-53 Rev. 5.2.0,activity,,"A. Develop, document, and disseminate to [Assignment: organization-defined personnel or roles]
1. [Selection (1 or more): Organization-level; Mission/business process-level; System-level] audit and accountability policy that
   a. addresses purpose, scope, roles, responsibilities, management commitment, coordination among organizational entities, and compliance
   b. is consistent with applicable laws, Orders in Council, directives, regulations, policies, standards, and guidelines
2. procedures to facilitate the implementation of the audit and accountability policy and the associated audit and accountability controls
   B. Designate an [Assignment: organization-defined official] to manage the development, documentation, and dissemination of the audit and accountability policy and procedures
   C. Review and update the current audit and accountability
3. policy [Assignment: organization-defined frequency] and following [Assignment: organization-defined events]
4. procedures [Assignment: organization-defined frequency] and following [Assignment: organization-defined events]",,,
au-2,AU-2,AU,Event logging,NIST SP 800-53 Rev. 5.2.0,control,,"A. Identify the types of events that the system is capable of logging in support of the audit function: [Assignment: organization-defined event types that the system is capable of logging]
B. Coordinate the event logging function with other organizational entities requiring audit-related information to guide and inform the selection criteria for events to be logged
C. Specify the following event types for logging within the system: [Assignment: organization-defined event types (subset of the event types defined in AU-02A.) along with the frequency of (or situation requiring) logging for each identified event type]
D. Provide a rationale for why the event types selected for logging are deemed to be adequate to support after-the-fact investigations of incidents
E. Review and update the event types selected for logging [Assignment: organization-defined frequency]",,,
au-2.1,AU-2(1),AU,Compilation of Audit Records from Multiple Sources,NIST SP 800-53 Rev. 5.2.0,,withdrawn,,,,
au-2.2,AU-2(2),AU,Selection of Audit Events by Component,NIST SP 800-53 Rev. 5.2.0,,withdrawn,,,,
au-2.3,AU-2(3),AU,Reviews and Updates,NIST SP 800-53 Rev. 5.2.0,,withdrawn,,,,
au-2.4,AU-2(4),AU,Privileged Functions,NIST SP 800-53 Rev. 5.2.0,,withdrawn,,,,
au-3,AU-3,AU,Content of audit records,NIST SP 800-53 Rev. 5.2.0,control,,"Ensure that audit records contain information that establishes the following:
A. what type of event occurred
B. when the event occurred
C. where the event occurred
D. source of the event
E. outcome of the event
F. identity of any individuals, subjects, objects or entities associated with the event",,GC departments and agencies ensure that the content of audit records aligns with the Security Incidents and Privacy Breaches PIBs.,
au-3.1,AU-3(1),AU,Additional audit information,NIST SP 800-53 Rev. 5.2.0,control,,Generate audit records containing the following additional information: [Assignment: organization-defined additional information].,,,
au-3.2,AU-3(2),AU,Centralized Management of Planned Audit Record Content,NIST SP 800-53 Rev. 5.2.0,,withdrawn,,,,
au-3.3,AU-3(3),AU,Limit personal information elements,NIST SP 800-53 Rev. 5.2.0,control,,Limit personal information contained in audit records to the following elements identified in the PIA: [Assignment: organization-defined elements].,,,
au-4,AU-4,AU,Audit log storage capacity,NIST SP 800-53 Rev. 5.2.0,control,,Allocate audit log storage capacity to accommodate [Assignment: organization-defined audit log retention requirements].,,,
au-4.1,AU-4(1),AU,Transfer to alternate storage,NIST SP 800-53 Rev. 5.2.0,control,,"Transfer audit logs [Assignment: organization-defined frequency] to a different system, system component, or media other than the system or system component conducting the logging.",,,
au-5,AU-5,AU,Response to audit logging process failures,NIST SP 800-53 Rev. 5.2.0,control,,"A. Alert [Assignment: organization-defined personnel or roles] within [Assignment: organization-defined time period] in the event of an audit logging process failure
B. Take the following additional actions: [Assignment: organization-defined additional actions]",,,
au-5.1,AU-5(1),AU,Storage capacity warning,NIST SP 800-53 Rev. 5.2.0,control,,"Provide a warning to [Assignment: organization-defined personnel, roles, and/or locations] within [Assignment: organization-defined time period] when allocated audit log storage volume reaches [Assignment: organization-defined percentage] of repository maximum audit log storage capacity.",,,
au-5.2,AU-5(2),AU,Real-time alerts,NIST SP 800-53 Rev. 5.2.0,control,,"Provide an alert within [Assignment: organization-defined real-time period] to [Assignment: organization-defined personnel, roles, and/or locations] when the following audit failure events occur: [Assignment: organization-defined audit logging failure events requiring real-time alerts].",,,
au-5.3,AU-5(3),AU,Configurable traffic volume thresholds,NIST SP 800-53 Rev. 5.2.0,control,,Enforce configurable network communications traffic volume thresholds reflecting limits on audit log storage capacity and [Selection (1): reject; delay] network traffic above those thresholds.,,,
au-5.4,AU-5(4),AU,Shutdown on failure,NIST SP 800-53 Rev. 5.2.0,control,,Invoke a [Selection (1): full system shutdown; partial system shutdown; degraded operational mode with limited mission or business functionality available] in the event of [Assignment: organization-defined audit logging failures] unless an alternate audit logging capability exists.,,,
au-5.5,AU-5(5),AU,Alternate audit logging capability,NIST SP 800-53 Rev. 5.2.0,control,,Provide an alternate audit logging capability in the event of a failure in primary audit logging capability that implements [Assignment: organization-defined alternate audit logging functionality].,,,
au-6,AU-6,AU,"Audit record review, analysis, and reporting",NIST SP 800-53 Rev. 5.2.0,control,,"A. Review and analyze system audit records [Assignment: organization-defined frequency] for indications of [Assignment: organization-defined inappropriate or unusual activity] and the potential impact of the inappropriate or unusual activity
B. Report findings to [Assignment: organization-defined personnel or roles]
C. Adjust the level of audit record review, analysis, and reporting within the system when there is a change in risk based on law enforcement information, intelligence information, or other credible sources of information",,,
au-6.1,AU-6(1),AU,Automated process integration,NIST SP 800-53 Rev. 5.2.0,control,,"Integrate audit record review, analysis, and reporting processes using [Assignment: organization-defined automated mechanisms].",,,
au-6.2,AU-6(2),AU,Automated Security Alerts,NIST SP 800-53 Rev. 5.2.0,,withdrawn,,,,
au-6.3,AU-6(3),AU,Correlate audit record repositories,NIST SP 800-53 Rev. 5.2.0,control,,Analyze and correlate audit records across different repositories to gain organization-wide situational awareness.,,,
au-6.4,AU-6(4),AU,Central review and analysis,NIST SP 800-53 Rev. 5.2.0,control,,Provide and implement the capability to centrally review and analyze audit records from multiple components within the system.,,,
au-6.5,AU-6(5),AU,Integrated analysis of audit records,NIST SP 800-53 Rev. 5.2.0,control,,Integrate analysis of audit records with analysis of [Selection (1 or more): vulnerability scanning information; performance data; system monitoring information; [Assignment: organization-defined data/information collected from other sources]] to further enhance the ability to identify inappropriate or unusual activity.,,,
au-6.6,AU-6(6),AU,Correlation with physical monitoring,NIST SP 800-53 Rev. 5.2.0,control,,"Correlate information from audit records with information obtained from monitoring physical access to further enhance the ability to identify suspicious, inappropriate, unusual, or malevolent activity.",,,
au-6.7,AU-6(7),AU,Permitted actions,NIST SP 800-53 Rev. 5.2.0,control,,"Specify the permitted actions for each [Selection (1 or more): system process; role; user] associated with the review, analysis, and reporting of audit record information.",,,
au-6.8,AU-6(8),AU,Full text analysis of privileged commands,NIST SP 800-53 Rev. 5.2.0,control,,"Perform a full text analysis of logged privileged commands in a physically distinct component or subsystem of the system, or other system that is dedicated to that analysis.",,,
au-6.9,AU-6(9),AU,Correlation with information from nontechnical sources,NIST SP 800-53 Rev. 5.2.0,control,,Correlate information from nontechnical sources with audit record information to enhance organization-wide situational awareness.,,"The correlation of information from nontechnical sources with audit record information may be considered to be data matching, as defined in the TBS Policy on Privacy Protection.",
au-6.10,AU-6(10),AU,Audit Level Adjustment,NIST SP 800-53 Rev. 5.2.0,,withdrawn,,,,
au-7,AU-7,AU,Audit record reduction and report generation,NIST SP 800-53 Rev. 5.2.0,control,,"Provide and implement an audit record reduction and report generation capability that:
A. supports on-demand audit record review, analysis, and reporting requirements and after-the-fact investigations of incidents
B. does not alter the original content or time ordering of audit records",,,
au-7.1,AU-7(1),AU,Automatic processing,NIST SP 800-53 Rev. 5.2.0,control,,"Provide and implement the capability to process, sort, and search audit records for events of interest based on the following content: [Assignment: organization-defined fields within audit records].",,,
au-7.2,AU-7(2),AU,Automatic Sort and Search,NIST SP 800-53 Rev. 5.2.0,,withdrawn,,,,
au-8,AU-8,AU,Time stamps,NIST SP 800-53 Rev. 5.2.0,control,,"A. Use internal system clocks to generate time stamps for audit records
B. Record time stamps for audit records that meet [Assignment: organization-defined granularity of time measurement] and that use Coordinated Universal Time (UTC), have a fixed local time offset from UTC, or that include the local time offset as part of the time stamp",,,
au-8.1,AU-8(1),AU,Synchronization with Authoritative Time Source,NIST SP 800-53 Rev. 5.2.0,,withdrawn,,,,
au-8.2,AU-8(2),AU,Secondary Authoritative Time Source,NIST SP 800-53 Rev. 5.2.0,,withdrawn,,,,
au-9,AU-9,AU,Protection of audit information,NIST SP 800-53 Rev. 5.2.0,control,,"A. Protect audit information and audit logging tools from unauthorized access, modification, and deletion
B. Alert [Assignment: organization-defined personnel or roles] upon detection of unauthorized access, modification, or deletion of audit information",,,
au-9.1,AU-9(1),AU,Hardware write-once media,NIST SP 800-53 Rev. 5.2.0,control,,"Write audit trails to hardware-enforced, write-once media.",,,
au-9.2,AU-9(2),AU,Store on separate physical systems or components,NIST SP 800-53 Rev. 5.2.0,control,,Store audit records [Assignment: organization-defined frequency] in a repository that is part of a physically different system or system component than the system or component being audited.,,,
au-9.3,AU-9(3),AU,Cryptographic protection,NIST SP 800-53 Rev. 5.2.0,control,,Implement cryptographic mechanisms to protect the integrity of audit information and audit tools.,,,
au-9.4,AU-9(4),AU,Access by subset of privileged users,NIST SP 800-53 Rev. 5.2.0,control,,Authorize access to management of audit logging functionality to only [Assignment: organization-defined subset of privileged users or roles].,,,
au-9.5,AU-9(5),AU,Dual authorization,NIST SP 800-53 Rev. 5.2.0,control,,Enforce dual authorization for [Selection (1 or more): movement; deletion] of [Assignment: organization-defined audit information].,,,
au-9.6,AU-9(6),AU,Read-only access,NIST SP 800-53 Rev. 5.2.0,control,,Authorize read-only access to audit information to [Assignment: organization-defined subset of privileged users or roles].,,,
au-9.7,AU-9(7),AU,Store on component with different operating system,NIST SP 800-53 Rev. 5.2.0,control,,Store audit information on a component running a different operating system than the system or component being audited.,,,
au-10,AU-10,AU,Non-repudiation,NIST SP 800-53 Rev. 5.2.0,control,,Provide irrefutable evidence that an individual (or process acting on behalf of an individual) has performed [Assignment: organization-defined actions to be covered by non-repudiation].,,,
au-10.1,AU-10(1),AU,Association of identities,NIST SP 800-53 Rev. 5.2.0,control,,"a. Bind the identity of the information producer with the information to [Assignment: organization-defined strength of binding]
b. Provide the means for authorized individuals to determine the identity of the producer of the information",,,
au-10.2,AU-10(2),AU,Validate binding of information producer identity,NIST SP 800-53 Rev. 5.2.0,control,,"a. Validate the binding of the information producer identity to the information at [Assignment: organization-defined frequency]
b. Perform [Assignment: organization-defined actions] in the event of a validation error",,,
au-10.3,AU-10(3),AU,Chain of custody,NIST SP 800-53 Rev. 5.2.0,control,,Maintain reviewer or releaser credentials within the established chain of custody for information reviewed or released.,,,
au-10.4,AU-10(4),AU,Validate binding of information reviewer identity,NIST SP 800-53 Rev. 5.2.0,control,,"a. Validate the binding of the information reviewer identity to the information at the transfer or release points prior to release or transfer between [Assignment: organization-defined security domains]
b. Perform [Assignment: organization-defined actions] in the event of a validation error",,,
au-10.5,AU-10(5),AU,Digital Signatures,NIST SP 800-53 Rev. 5.2.0,,withdrawn,,,,
au-11,AU-11,AU,Audit record retention,NIST SP 800-53 Rev. 5.2.0,control,,Retain audit records for [Assignment: organization-defined time period consistent with records retention policy] to provide support for after-the-fact investigations of incidents and to meet regulatory and organizational information retention requirements.,,"This includes the retention and availability of audit records relative to requests for GC information under the Access to Information Act, requests for personal information under the Privacy Act, subpoenas, and law enforcement actions. When audit records include personal information that is used for administrative decision such as an investigation, they must be retained in accordance with the Privacy Regulations. If audit records contain personal information that is not required for the audit process, that personal information should be removed or redacted prior to retention. If audit records rely on personal information and that information is used to make an administrative decision, the minimum retention standard is at least 2 years following the last time the personal information was used for an administrative purpose unless the individual consents to its disposal. Retention standards for personal information associated with this process should be reflected in the standard PIB for Internal Audit. Library and Archives Canada provides federal policy on records retention.",
au-11.1,AU-11(1),AU,Long-term retrieval capability,NIST SP 800-53 Rev. 5.2.0,control,,Employ [Assignment: organization-defined measures] to ensure that long-term audit records generated by the system can be retrieved.,,,
au-12,AU-12,AU,Audit record generation,NIST SP 800-53 Rev. 5.2.0,control,,"A. Provide audit record generation capability for the event types the system is capable of auditing as defined in AU-02A on [Assignment: organization-defined system components]
B. Allow [Assignment: organization-defined personnel or roles] to select the event types that are to be logged by specific components of the system
C. Generate audit records for the event types defined in AU-02C that include the audit record content defined in AU-03",,,
au-12.1,AU-12(1),AU,System-wide and time-correlated audit trail,NIST SP 800-53 Rev. 5.2.0,control,,Compile audit records from [Assignment: organization-defined system components] into a system-wide (logical or physical) audit trail that is time-correlated to within [Assignment: organization-defined level of tolerance for the relationship between time stamps of individual records in the audit trail].,,,
au-12.2,AU-12(2),AU,Standardized formats,NIST SP 800-53 Rev. 5.2.0,control,,Produce a system-wide (logical or physical) audit trail composed of audit records in a standardized format.,,,
au-12.3,AU-12(3),AU,Changes by authorized individuals,NIST SP 800-53 Rev. 5.2.0,control,,Provide and implement the capability for [Assignment: organization-defined individuals or roles] to change the logging to be performed on [Assignment: organization-defined system components] based on [Assignment: organization-defined selectable event criteria] within [Assignment: organization-defined time thresholds].,,,
au-12.4,AU-12(4),AU,Query parameter audits of personal information,NIST SP 800-53 Rev. 5.2.0,control,,Provide and implement the capability for auditing the parameters of user query events for data sets containing personal information.,,The use of personal information for the audit purpose is authorized without consent of the individual pursuant to 8(2)(h) of the Privacy Act.,
au-13,AU-13,AU,Monitoring for information disclosure,NIST SP 800-53 Rev. 5.2.0,control,,"A. Monitor [Assignment: organization-defined open-source information and/or information sites] [Assignment: organization-defined frequency] for evidence of unauthorized disclosure of organizational information
B. If an information disclosure is discovered
1. notify [Assignment: organization-defined personnel or roles]
2. take the following additional actions: [Assignment: organization-defined additional actions]",,"Federal departments and agencies may engage in proactive review of open-source information for the presence of classified information, related to national security. This process may reveal or require the collection of personal information and requires lawful authority. Where possible, personal identifiers should be redacted, removed, or masked and not stored in organization information holdings. Information may be obtained from Internet sites such as social networking sites, and code-sharing platforms and repositories.",
au-13.1,AU-13(1),AU,Use of automated tools,NIST SP 800-53 Rev. 5.2.0,control,,Monitor open-source information and information sites using [Assignment: organization-defined automated mechanisms].,,Federal organizations should take care to ensure that these commercial organizations are compliant with jurisdictional privacy laws regarding the collection of personal information.,
au-13.2,AU-13(2),AU,Review of monitored sites,NIST SP 800-53 Rev. 5.2.0,control,,Review the list of open-source information sites being monitored [Assignment: organization-defined frequency].,,,
au-13.3,AU-13(3),AU,Unauthorized replication of information,NIST SP 800-53 Rev. 5.2.0,control,,"Employ discovery techniques, processes, and tools to determine if external entities are replicating organizational information in an unauthorized manner.",,,
au-14,AU-14,AU,Session audit,NIST SP 800-53 Rev. 5.2.0,control,,"A. Provide and implement the capability for [Assignment: organization-defined users or roles] to [Selection (1 or more): record; view; hear; log] the content of a user session under [Assignment: organization-defined circumstances]
B. Develop, integrate, and use session auditing activities in consultation with legal counsel and in accordance with applicable laws, Orders in Council, directives, regulations, policies, standards, and guidelines",,"Collecting personal information associated with session audits require lawful authority, in accordance with the Privacy Act.",
au-14.1,AU-14(1),AU,System start-up,NIST SP 800-53 Rev. 5.2.0,control,,Initiate session audits automatically at system start-up.,,,
au-14.2,AU-14(2),AU,Capture and Record Content,NIST SP 800-53 Rev. 5.2.0,,withdrawn,,,,
au-14.3,AU-14(3),AU,Remote viewing and listening,NIST SP 800-53 Rev. 5.2.0,control,,Provide and implement the capability for authorized users to remotely view and hear content related to an established user session in real time.,,,
au-15,AU-15,AU,Alternate Audit Logging Capability,NIST SP 800-53 Rev. 5.2.0,,withdrawn,,,,
au-16,AU-16,AU,Cross-organizational audit logging,NIST SP 800-53 Rev. 5.2.0,control,,Employ [Assignment: organization-defined methods] for coordinating [Assignment: organization-defined audit information] among external organizations when audit information is transmitted across organizational boundaries.,,"Users whose activities are monitored by audit logs should be given notice of the activity. In addition, consideration should be given to documenting the cross-organizational information sharing in an Information Sharing Agreement or Information Sharing Arrangement.",
au-16.1,AU-16(1),AU,Identity preservation,NIST SP 800-53 Rev. 5.2.0,control,,Preserve the identity of individuals in cross-organizational audit trails.,,,
au-16.2,AU-16(2),AU,Sharing of audit information,NIST SP 800-53 Rev. 5.2.0,control,,Provide cross-organizational audit information to [Assignment: organization-defined organizations] based on [Assignment: organization-defined cross-organizational sharing agreements].,,,
au-16.3,AU-16(3),AU,Disassociability,NIST SP 800-53 Rev. 5.2.0,control,,Implement [Assignment: organization-defined measures] to disassociate individuals from audit information transmitted across organizational boundaries.,,,
ca-1,CA-1,CA,"Assessment, authorization and monitoring policy and procedures",NIST SP 800-53 Rev. 5.2.0,activity,,"A. Develop, document, and disseminate to [Assignment: organization-defined personnel or roles]
1. [Selection (1 or more): Organization-level; Mission/business process-level; System-level] assessment, authorization, and monitoring policy that
   a. addresses purpose, scope, roles, responsibilities, management commitment, coordination among organizational entities, and compliance
   b. is consistent with applicable laws, Orders in Council, directives, regulations, jurisprudence, policies, standards, and guidelines
2. procedures to facilitate the implementation of the assessment, authorization, and monitoring policy and the associated assessment, authorization, and monitoring controls
   B. Designate an [Assignment: organization-defined official] to manage the development, documentation, and dissemination of the assessment, authorization, and monitoring policy and procedures
   C. Review and update the current assessment, authorization, and monitoring
3. policy [Assignment: organization-defined frequency] and following [Assignment: organization-defined events]
4. procedures [Assignment: organization-defined frequency] and following [Assignment: organization-defined events]",,"Organizations can rely on the TBS Directive on Privacy Practices, Appendix C: Standard on Privacy Impact Assessment (PIA) or develop their own organization-specific obligations for assessment. At a minimum, organizational-level assessment policies should meet the TBS requirements. In accordance with the directive, PIAs must be initiated when personal information is used for or is intended to be used as part of a decision-making process that directly affects the individual; upon substantial modifications to existing programs or activities where personal information is used or intended to be used for an administrative purpose; and when contracting out or transferring a program or activities to another level of government or the private sector results in substantial modifications to the program or activities. Users whose activities are monitored by audit logs should be given notice of the activity.",
ca-2,CA-2,CA,Control assessments,NIST SP 800-53 Rev. 5.2.0,activity,,"A. Select the appropriate assessor or assessment team for the type of assessment to be conducted
B. Develop a control assessment plan that describes the scope of the assessment including
1. controls and control enhancements under assessment
2. assessment procedures to be used to determine control effectiveness
3. assessment environment, assessment team, and assessment roles and responsibilities
   C. Ensure the control assessment plan is reviewed and approved by the authorizing official or designated representative prior to conducting the assessment
   D. Assess the controls in the system and its environment of operation [Assignment: organization-defined frequency] to determine the extent to which the controls are implemented correctly, operating as intended, and producing the desired outcome with respect to meeting established security and privacy requirements
   E. Produce a control assessment report that documents the results of the assessment
   F. Provide the results of the control assessment to [Assignment: organization-defined individuals or roles]",,"If the system will create, collect, or store personal information, consider the completion of a Privacy Protocol or PIA, following the CORE PIA requirements as established in the TBS Directive on Privacy Practices, Appendix C: Standard on Privacy Impact Assessment. When the PIA or Privacy Protocol is approved, a summary must be posted on the institution’s external facing web presence.

TBS requirements for periodic assessments of controls are in the Directive on Security Management: Appendix B: Mandatory Procedures for Information Technology Security Control.",
ca-2.1,CA-2(1),CA,Independent assessors,NIST SP 800-53 Rev. 5.2.0,activity,,Employ independent assessors or assessment teams to conduct control assessments.,,,
ca-2.2,CA-2(2),CA,Specialized assessments,NIST SP 800-53 Rev. 5.2.0,activity,,"Include as part of control assessments, [Assignment: organization-defined frequency], [Selection (1): announced; unannounced], [Selection (1 or more): in-depth monitoring; security instrumentation; automated security test cases; vulnerability scanning; malicious user testing; insider threat assessment; performance and load testing; data leakage or data loss assessment; [Assignment: organization-defined other forms of assessment]].",,,
ca-2.3,CA-2(3),CA,Leveraging results from external organizations,NIST SP 800-53 Rev. 5.2.0,activity,,Leverage the results of control assessments performed by [Assignment: organization-defined external organization(s)] on [Assignment: organization-defined system] when the assessment meets [Assignment: organization-defined requirements].,,"The TBS Directive on Privacy Practices, Appendix C: Standard on Privacy Impact Assessment requires sharing copies of the approved PIA and other relevant documentation with partners or other government institutions as required and in a manner that respects security requirements and any other confidentiality or legal consideration.",
ca-3,CA-3,CA,Information exchange,NIST SP 800-53 Rev. 5.2.0,control,,"A. Approve and manage the exchange of information between the system and other systems using [Selection (1 or more): interconnection security agreements; information exchange security agreements; memoranda of understanding or agreement; information sharing agreements; information sharing arrangements; service level agreements; user agreements; non-disclosure agreements; [Assignment: organization-defined type of agreement]]
B. Document, as part of each exchange agreement, the interface characteristics, security and privacy requirements, controls, and responsibilities for each system, and the impact level of the information communicated
C. Review and update the agreements [Assignment: organization-defined frequency]",,,
ca-3.1,CA-3(1),CA,Unclassified National Security System Connections,NIST SP 800-53 Rev. 5.2.0,,withdrawn,,,,
ca-3.2,CA-3(2),CA,Classified National Security System Connections,NIST SP 800-53 Rev. 5.2.0,,withdrawn,,,,
ca-3.3,CA-3(3),CA,Unclassified Non-national Security System Connections,NIST SP 800-53 Rev. 5.2.0,,withdrawn,,,,
ca-3.4,CA-3(4),CA,Connections to Public Networks,NIST SP 800-53 Rev. 5.2.0,,withdrawn,,,,
ca-3.5,CA-3(5),CA,Restrictions on External System Connections,NIST SP 800-53 Rev. 5.2.0,,withdrawn,,,,
ca-3.6,CA-3(6),CA,Transfer authorizations,NIST SP 800-53 Rev. 5.2.0,control,,"Verify that individuals or systems transferring data between interconnecting systems have the requisite authorizations (i.e., write permissions or privileges) prior to accepting such data.",,,
ca-3.7,CA-3(7),CA,Transitive information exchanges,NIST SP 800-53 Rev. 5.2.0,control,,"a. Identify transitive (downstream) information exchanges with other systems through the systems identified in CA-03A
b. Take measures to ensure that transitive (downstream) information exchanges cease when the controls on identified transitive (downstream) systems cannot be verified or validated",,,
ca-4,CA-4,CA,Security Certification,NIST SP 800-53 Rev. 5.2.0,,withdrawn,,,,
ca-5,CA-5,CA,Plan of action and milestones,NIST SP 800-53 Rev. 5.2.0,activity,,"A. Develop a plan of action and milestones for the system to document the planned remediation actions of the organization to correct weaknesses or deficiencies noted during the assessment of the controls and to reduce or eliminate known vulnerabilities in the system
B. Update existing plan of action and milestones [Assignment: organization-defined frequency] based on the findings from control assessments, independent audits or reviews, and continuous monitoring activities",,Plans of action and milestones are required in authorization packages and subject to federal reporting requirements established by TBS.,
ca-5.1,CA-5(1),CA,Automation support for accuracy and currency,NIST SP 800-53 Rev. 5.2.0,activity,,"Ensure the accuracy, currency, and availability of the plan of action and milestones for the system using [Assignment: organization-defined automated mechanisms].",,,
ca-6,CA-6,CA,Authorization,NIST SP 800-53 Rev. 5.2.0,control,,"A. Assign a senior official as the authorizing official or custodian for the system
B. Assign a senior official as the authorizing official or custodian for common controls available for inheritance by organizational systems
C. Ensure that the authorizing official or custodian for the system, before commencing operations
1. accepts the use of common controls inherited by the system
2. authorizes the system to operate
   D. Ensure that the authorizing official or custodian for common controls authorizes the use of those controls for inheritance by organizational systems
   E. Update the authorizations [Assignment: organization-defined frequency]",,"The authorization process is a federal government responsibility, and therefore, authorizing officials must be senior GC employees.",
ca-6.1,CA-6(1),CA,Joint authorization — intra-organization,NIST SP 800-53 Rev. 5.2.0,control,,Employ a joint authorization process for the system that includes multiple authorizing officials from the same organization conducting the authorization.,,,
ca-6.2,CA-6(2),CA,Joint Authorization — inter-organization,NIST SP 800-53 Rev. 5.2.0,control,,Employ a joint authorization process for the system that includes multiple authorizing officials with at least 1 authorizing official from an organization external to the organization conducting the authorization.,,,
ca-7,CA-7,CA,Continuous monitoring,NIST SP 800-53 Rev. 5.2.0,control,,"Develop a system-level continuous monitoring strategy and implement continuous monitoring in accordance with the organization-level continuous monitoring strategy that includes:
A. establishing the following system-level metrics to be monitored: [Assignment: organization-defined system-level metrics]
B. establishing [Assignment: organization-defined frequencies] for monitoring and [Assignment: organization-defined frequencies] for assessment of control effectiveness
C. ongoing control assessments in accordance with the continuous monitoring strategy
D. ongoing monitoring of system and organization-defined metrics in accordance with the continuous monitoring strategy
E. correlation and analysis of information generated by control assessments and monitoring
F. response actions to address results of the analysis of control assessment and monitoring information
G. reporting the security and privacy status of the system to [Assignment: organization-defined personnel or roles] [Assignment: organization-defined frequency]",,,
ca-7.1,CA-7(1),CA,Independent assessment,NIST SP 800-53 Rev. 5.2.0,control,,Employ independent assessors or assessment teams to monitor the controls in the system on an ongoing basis.,,,
ca-7.2,CA-7(2),CA,Types of Assessments,NIST SP 800-53 Rev. 5.2.0,,withdrawn,,,,
ca-7.3,CA-7(3),CA,Trend analyses,NIST SP 800-53 Rev. 5.2.0,control,,"Employ trend analyses to determine if control implementations, the frequency of continuous monitoring activities, and the types of activities used in the continuous monitoring process need to be modified based on empirical data.",,"Trend analyses include examining recent threat information that addresses the types of threat events that have occurred in the federal department or agency or the GC, success rates of certain types of attacks, emerging vulnerabilities in technologies, evolving social engineering techniques, the effectiveness of configuration settings, results from multiple control assessments, and findings from Inspectors General or auditors. If the trend analysis involves the use or creation of personal information, individuals should have been informed through a system use notification about this use of their personal information in advance of the analytical work. In addition, consideration should be given to listing this use of the personal information as a consistent use in the associated PIB.",
ca-7.4,CA-7(4),CA,Risk monitoring,NIST SP 800-53 Rev. 5.2.0,control,,"Ensure risk monitoring is an integral part of the continuous monitoring strategy that includes the following:
a. effectiveness monitoring
b. compliance monitoring
c. change monitoring",,,
ca-7.5,CA-7(5),CA,Consistency analysis,NIST SP 800-53 Rev. 5.2.0,control,,Employ the following actions to validate that policies are established and implemented controls are operating in a consistent manner: [Assignment: organization-defined actions].,,,
ca-7.6,CA-7(6),CA,Automation support for monitoring,NIST SP 800-53 Rev. 5.2.0,control,,"Ensure the accuracy, currency, and availability of monitoring results for the system using [Assignment: organization-defined automated mechanisms].",,,
ca-8,CA-8,CA,Penetration testing,NIST SP 800-53 Rev. 5.2.0,control,,Conduct penetration testing [Assignment: organization-defined frequency] on [Assignment: organization-defined systems or system components].,,,
ca-8.1,CA-8(1),CA,Independent penetration testing agent or team,NIST SP 800-53 Rev. 5.2.0,control,,Employ an independent penetration testing agent or team to perform penetration testing on the system or system components.,,,
ca-8.2,CA-8(2),CA,Red team exercises,NIST SP 800-53 Rev. 5.2.0,control,,Employ the following red-team exercises to simulate attempts by adversaries to compromise organizational systems in accordance with applicable rules of engagement: [Assignment: organization-defined red team exercises].,,,
ca-8.3,CA-8(3),CA,Facility penetration testing,NIST SP 800-53 Rev. 5.2.0,control,,Employ a penetration testing process that includes [Assignment: organization-defined frequency] [Selection (1 or more): announced; unannounced] attempts to bypass or circumvent controls associated with physical access points to the facility.,,,
ca-9,CA-9,CA,Internal system connections,NIST SP 800-53 Rev. 5.2.0,control,,"A. Authorize internal connections of [Assignment: organization-defined system components or classes of components] to the system
B. Document, for each internal connection, the interface characteristics, security and privacy requirements, and the nature of the information communicated
C. Terminate internal system connections after [Assignment: organization-defined conditions]
D. Review [Assignment: organization-defined frequency] the continued need for each internal connection",,,
ca-9.1,CA-9(1),CA,Compliance checks,NIST SP 800-53 Rev. 5.2.0,control,,Perform security and privacy compliance checks on constituent system components prior to the establishment of the internal connection.,,,
cm-1,CM-1,CM,Configuration management policy and procedures,NIST SP 800-53 Rev. 5.2.0,activity,,"A. Develop, document, and disseminate to [Assignment: organization-defined personnel or roles]
1. [Selection (1 or more): Organization-level; Mission/business process-level; System-level] configuration management policy that
   a. addresses purpose, scope, roles, responsibilities, management commitment, coordination among organizational entities, and compliance
   b. is consistent with applicable laws, Orders in Council, directives, regulations, policies, standards, and guidelines
2. procedures to facilitate the implementation of the configuration management policy and the associated configuration management controls
   B. Designate an [Assignment: organization-defined official] to manage the development, documentation, and dissemination of the configuration management policy and procedures
   C. Review and update the current configuration management
3. policy [Assignment: organization-defined frequency] and following [Assignment: organization-defined events]
4. procedures [Assignment: organization-defined frequency] and following [Assignment: organization-defined events]",,,
cm-2,CM-2,CM,Baseline configuration,NIST SP 800-53 Rev. 5.2.0,control,,"A. Develop, document, and maintain under configuration control, a current baseline configuration of the system
B. Review and update the baseline configuration of the system
1. [Assignment: organization-defined frequency]
2. when required due to [Assignment: organization-defined circumstances]
3. when system components are installed or upgraded",,,
cm-2.1,CM-2(1),CM,Reviews and Updates,NIST SP 800-53 Rev. 5.2.0,,withdrawn,,,,
cm-2.2,CM-2(2),CM,Automation support for accuracy and currency,NIST SP 800-53 Rev. 5.2.0,control,,"Maintain the currency, completeness, accuracy, and availability of the baseline configuration of the system using [Assignment: organization-defined automated mechanisms].",,,
cm-2.3,CM-2(3),CM,Retention of previous configurations,NIST SP 800-53 Rev. 5.2.0,control,,Retain [Assignment: organization-defined number] of previous versions of baseline configurations of the system to support rollback.,,,
cm-2.4,CM-2(4),CM,Unauthorized Software,NIST SP 800-53 Rev. 5.2.0,,withdrawn,,,,
cm-2.5,CM-2(5),CM,Authorized Software,NIST SP 800-53 Rev. 5.2.0,,withdrawn,,,,
cm-2.6,CM-2(6),CM,Development and test environments,NIST SP 800-53 Rev. 5.2.0,control,,Maintain a baseline configuration for system development and test environments that is managed separately from the operational baseline configuration.,,,
cm-2.7,CM-2(7),CM,Configure systems and components for high-risk areas,NIST SP 800-53 Rev. 5.2.0,control,,"a. Issue [Assignment: organization-defined systems or system components] with [Assignment: organization-defined configurations] to individuals traveling to locations that the organization deems to be of significant risk
b. Apply the following controls to the systems or components when the individuals return from travel: [Assignment: organization-defined controls]",,,
cm-3,CM-3,CM,Configuration change control,NIST SP 800-53 Rev. 5.2.0,control,,"A. Determine and document the types of changes to the system that are configuration-controlled
B. Review proposed configuration-controlled changes to the system and approve or disapprove such changes with explicit consideration for security and privacy impact analyses
C. Document configuration change decisions associated with the system
D. Implement approved configuration-controlled changes to the system
E. Retain records of configuration-controlled changes to the system for [Assignment: organization-defined time period]
F. Monitor and review activities associated with configuration-controlled changes to the system
G. Coordinate and provide oversight for configuration change control activities through [Assignment: organization-defined configuration change control element] that convenes [Selection (1 or more): [Assignment: organization-defined frequency]; when [Assignment: organization-defined configuration change conditions]]",,"For changes that impact privacy risk, the appropriate privacy senior official or executive updates PIAs and PIBs.",
cm-3.1,CM-3(1),CM,"Automated documentation, notification, and prohibition of changes",NIST SP 800-53 Rev. 5.2.0,control,,"Use [Assignment: organization-defined automated mechanisms] to:
a. document proposed changes to the system
b. notify [Assignment: organization-defined approval authorities] of proposed changes to the system and request change approval
c. highlight proposed changes to the system that have not been approved or disapproved within [Assignment: organization-defined time period]
d. prohibit changes to the system until designated approvals are received
e. document all changes to the system
f. notify [Assignment: organization-defined personnel] when approved changes to the system are completed",,,
cm-3.2,CM-3(2),CM,"Testing, validation, and documentation of changes",NIST SP 800-53 Rev. 5.2.0,control,,"Test, validate, and document changes to the system before finalizing the implementation of the changes.",,,
cm-3.3,CM-3(3),CM,Automated change implementation,NIST SP 800-53 Rev. 5.2.0,control,,Implement changes to the current system baseline and deploy the updated baseline across the installed base using [Assignment: organization-defined automated mechanisms].,,,
cm-3.4,CM-3(4),CM,Security and privacy representatives,NIST SP 800-53 Rev. 5.2.0,control,,Require [Assignment: organization-defined security and privacy representatives] to be members of the [Assignment: organization-defined configuration change control element].,,,
cm-3.5,CM-3(5),CM,Automated security response,NIST SP 800-53 Rev. 5.2.0,control,,Implement the following security responses automatically if baseline configurations are changed in an unauthorized manner: [Assignment: organization-defined security responses].,,,
cm-3.6,CM-3(6),CM,Cryptography management,NIST SP 800-53 Rev. 5.2.0,control,,Ensure that cryptographic mechanisms used to provide the following controls are under configuration management: [Assignment: organization-defined controls].,,,
cm-3.7,CM-3(7),CM,Review system changes,NIST SP 800-53 Rev. 5.2.0,control,,Review changes to the system [Assignment: organization-defined frequency] or when [Assignment: organization-defined circumstances] to determine whether unauthorized changes have occurred.,,,
cm-3.8,CM-3(8),CM,Prevent or restrict configuration changes,NIST SP 800-53 Rev. 5.2.0,control,,Prevent or restrict changes to the configuration of the system under the following circumstances: [Assignment: organization-defined circumstances].,,,
cm-4,CM-4,CM,Impact analyses,NIST SP 800-53 Rev. 5.2.0,control,,Analyze changes to the system to determine potential security and privacy impacts prior to change implementation.,,"If the system facilitates automated decision-making, it may also be a requirement to complete and release the final results of an algorithmic impact assessment prior to the production of any automated decision system.",
cm-4.1,CM-4(1),CM,Separate test environments,NIST SP 800-53 Rev. 5.2.0,control,,"Analyze changes to the system in a separate test environment before implementation in an operational environment, looking for security and privacy impacts due to flaws, weaknesses, incompatibility, or intentional malice.",,,
cm-4.2,CM-4(2),CM,Verification of controls,NIST SP 800-53 Rev. 5.2.0,control,,"After system changes, verify that the impacted controls are implemented correctly, operating as intended, and producing the desired outcome with regard to meeting the security and privacy requirements for the system.",,,
cm-5,CM-5,CM,Access restrictions for change,NIST SP 800-53 Rev. 5.2.0,control,,"Define, document, approve, and enforce physical and logical access restrictions associated with changes to the system.",,,
cm-5.1,CM-5(1),CM,Automated access enforcement and audit records,NIST SP 800-53 Rev. 5.2.0,control,,"a. Enforce access restrictions using [Assignment: organization-defined automated mechanisms]
b. Automatically generate audit records of the enforcement actions",,,
cm-5.2,CM-5(2),CM,Review System Changes,NIST SP 800-53 Rev. 5.2.0,,withdrawn,,,,
cm-5.3,CM-5(3),CM,Signed Components,NIST SP 800-53 Rev. 5.2.0,,withdrawn,,,,
cm-5.4,CM-5(4),CM,Dual authorization,NIST SP 800-53 Rev. 5.2.0,control,,Enforce dual authorization for implementing changes to [Assignment: organization-defined system components and system-level information].,,,
cm-5.5,CM-5(5),CM,Privilege limitation for production and operation,NIST SP 800-53 Rev. 5.2.0,control,,"a. Limit privileges to change system components and system-related information within a production or operational environment
b. Review and re-evaluate privileges [Assignment: organization-defined frequency]",,,
cm-5.6,CM-5(6),CM,Limit library privileges,NIST SP 800-53 Rev. 5.2.0,control,,Limit privileges to change software resident within software libraries.,,,
cm-5.7,CM-5(7),CM,Automatic Implementation of Security Safeguards,NIST SP 800-53 Rev. 5.2.0,,withdrawn,,,,
cm-6,CM-6,CM,Configuration Settings,NIST SP 800-53 Rev. 5.2.0,control,,"A. Establish and document configuration settings for components employed within the system that reflect the most restrictive mode consistent with operational requirements using [Assignment: organization-defined common secure configurations]
B. Implement the configuration settings
C. Identify, document, and approve any deviations from established configuration settings for [Assignment: organization-defined system components] based on [Assignment: organization-defined operational requirements]
D. Monitor and control changes to the configuration settings in accordance with organizational policies and procedures",,,
cm-6.1,CM-6(1),CM,"Automated management, application, and verification",NIST SP 800-53 Rev. 5.2.0,control,,"Manage, apply, and verify configuration settings for [Assignment: organization-defined system components] using [Assignment: organization-defined automated mechanisms].",,,
cm-6.2,CM-6(2),CM,Respond to unauthorized changes,NIST SP 800-53 Rev. 5.2.0,control,,Take the following actions in response to unauthorized changes to [Assignment: organization-defined configuration settings]: [Assignment: organization-defined actions].,,,
cm-6.3,CM-6(3),CM,Unauthorized Change Detection,NIST SP 800-53 Rev. 5.2.0,,withdrawn,,,,
cm-6.4,CM-6(4),CM,Conformance Demonstration,NIST SP 800-53 Rev. 5.2.0,,withdrawn,,,,
cm-7,CM-7,CM,Least functionality,NIST SP 800-53 Rev. 5.2.0,control,,"A. Configure the system to provide only [Assignment: organization-defined mission essential capabilities]
B. Prohibit or restrict the use of the following functions, ports, protocols, software, and/or services: [Assignment: organization-defined prohibited or restricted functions, system ports, protocols, software, and/or services]",,,
cm-7.1,CM-7(1),CM,Periodic review,NIST SP 800-53 Rev. 5.2.0,control,,"a. Review the system [Assignment: organization-defined frequency] to identify unnecessary and/or nonsecure functions, ports, protocols, software, and services
b. Disable or remove [Assignment: organization-defined functions, ports, protocols, software, and services within the system deemed to be unnecessary and/or nonsecure]",,,
cm-7.2,CM-7(2),CM,Prevent program execution,NIST SP 800-53 Rev. 5.2.0,control,,"Prevent program execution in accordance with [Selection (1 or more): [Assignment: organization-defined policies, rules of behaviour, and/or access agreements regarding software program usage and restrictions]; rules authorizing the terms and conditions of software program usage].",,,
cm-7.3,CM-7(3),CM,Registration compliance,NIST SP 800-53 Rev. 5.2.0,control,,"Ensure compliance with [Assignment: organization-defined registration requirements for functions, ports, protocols, and services].",,,
cm-7.4,CM-7(4),CM,Unauthorized software — Deny-by-exception,NIST SP 800-53 Rev. 5.2.0,control,,"a. Identify [Assignment: organization-defined software programs not authorized to execute on the system]
b. Employ an allow-all, deny-by-exception policy to prohibit the execution of unauthorized software programs on the system
c. Review and update the list of unauthorized software programs [Assignment: organization-defined frequency]",,,
cm-7.5,CM-7(5),CM,Authorized software — Allow-by-exception,NIST SP 800-53 Rev. 5.2.0,control,,"a. Identify [Assignment: organization-defined software programs authorized to execute on the system]
b. Employ a deny-all, permit-by-exception policy to allow the execution of authorized software programs on the system
c. Review and update the list of authorized software programs [Assignment: organization-defined frequency]",,,
cm-7.6,CM-7(6),CM,Confined environments with limited privileges,NIST SP 800-53 Rev. 5.2.0,control,,Require that the following user-installed software execute in a confined physical or virtual machine environment with limited privileges: [Assignment: organization-defined user-installed software].,,,
cm-7.7,CM-7(7),CM,Code execution in protected environments,NIST SP 800-53 Rev. 5.2.0,control,,"Allow execution of binary or machine-executable code only in confined physical or virtual machine environments and with the explicit approval of [Assignment: organization-defined personnel or roles] when such code is:
a. obtained from sources with limited or no warranty
b. without the provision of source code",,,
cm-7.8,CM-7(8),CM,Binary or machine executable code,NIST SP 800-53 Rev. 5.2.0,control,,"a. Prohibit the use of binary or machine-executable code from sources with limited or no warranty or without the provision of source code
b. Allow exceptions only for compelling mission or operational requirements and with the approval of the authorizing official",,,
cm-7.9,CM-7(9),CM,Prohibiting the use of unauthorized hardware,NIST SP 800-53 Rev. 5.2.0,control,,"a. Identify [Assignment: organization-defined hardware components authorized for system use]
b. Prohibit the use or connection of unauthorized hardware components
c. Review and update the list of authorized hardware components [Assignment: organization-defined frequency]",,,
cm-8,CM-8,CM,System component inventory,NIST SP 800-53 Rev. 5.2.0,control,,"A. Develop and document an inventory of system components that
1. accurately reflects the system
2. includes all components within the system
3. does not include duplicate accounting of components or components assigned to any other system
4. is at the level of granularity deemed necessary for tracking and reporting
5. includes the following information to achieve system component accountability: [Assignment: organization-defined information deemed necessary to achieve effective system component accountability]
   B. Review and update the system component inventory [Assignment: organization-defined frequency]",,,
cm-8.1,CM-8(1),CM,Updates during installation and removal,NIST SP 800-53 Rev. 5.2.0,control,,"Update the inventory of system components as part of component installations, removals, and system updates.",,,
cm-8.2,CM-8(2),CM,Automated maintenance,NIST SP 800-53 Rev. 5.2.0,control,,"Maintain the currency, completeness, accuracy, and availability of the inventory of system components using [Assignment: organization-defined automated mechanisms].",,,
cm-8.3,CM-8(3),CM,Automated unauthorized component detection,NIST SP 800-53 Rev. 5.2.0,control,,"a. Detect the presence of unauthorized hardware, software, and firmware components within the system using [Assignment: organization-defined automated mechanisms] [Assignment: organization-defined frequency]
b. Take the following actions when unauthorized components are detected: [Selection (1 or more): disable network access by such components; isolate the components; notify [Assignment: organization-defined personnel or roles]]",,,
cm-8.4,CM-8(4),CM,Accountability information,NIST SP 800-53 Rev. 5.2.0,control,,"Include in the system component inventory information, a means for identifying by [Selection (1 or more): name; position; role], individuals responsible and accountable for administering those components.",,,
cm-8.5,CM-8(5),CM,No Duplicate Accounting of Components,NIST SP 800-53 Rev. 5.2.0,,withdrawn,,,,
cm-8.6,CM-8(6),CM,Assessed configurations and approved deviations,NIST SP 800-53 Rev. 5.2.0,control,,Include assessed component configurations and any approved deviations to current deployed configurations in the system component inventory.,,,
cm-8.7,CM-8(7),CM,Centralized repository,NIST SP 800-53 Rev. 5.2.0,control,,Provide a centralized repository for the inventory of system components.,,,
cm-8.8,CM-8(8),CM,Automated location tracking,NIST SP 800-53 Rev. 5.2.0,control,,Support the tracking of system components by geographic location using [Assignment: organization-defined automated mechanisms].,,,
cm-8.9,CM-8(9),CM,Assignment of components to systems,NIST SP 800-53 Rev. 5.2.0,control,,"a. Assign system components to a system
b. Receive an acknowledgement from [Assignment: organization-defined personnel or roles] of this assignment",,,
cm-9,CM-9,CM,Configuration management plan,NIST SP 800-53 Rev. 5.2.0,control,,"Develop, document, and implement a configuration management plan for the system that
A. addresses roles, responsibilities, and configuration management processes and procedures
B. establishes a process for identifying configuration items throughout the system development lifecycle and for managing the configuration of the configuration items
C. defines the configuration items for the system and places the configuration items under configuration management
D. is reviewed and approved by [Assignment: organization-defined personnel or roles]
E. protects the configuration management plan from unauthorized disclosure and modification",,,
cm-9.1,CM-9(1),CM,Assignment of responsibility,NIST SP 800-53 Rev. 5.2.0,control,,Assign responsibility for developing the configuration management process to organizational personnel that are not directly involved in system development.,,,
cm-10,CM-10,CM,Software use restrictions,NIST SP 800-53 Rev. 5.2.0,control,,"A. Use software and associated documentation in accordance with contract agreements and copyright laws
B. Track the use of software and associated documentation protected by quantity licenses to control copying and distribution
C. Control and document the use of peer-to-peer file sharing technology to ensure that this capability is not used for the unauthorized distribution, display, performance, or reproduction of copyrighted work",,,
cm-10.1,CM-10(1),CM,Open-source software,NIST SP 800-53 Rev. 5.2.0,control,,Establish the following restrictions on the use of open-source software: [Assignment: organization-defined restrictions].,,"Collections of any personal information facilitated by open-source software is governed by the same restrictions set by the Privacy Act for collection, use and potential disclosure.",
cm-11,CM-11,CM,User-installed software,NIST SP 800-53 Rev. 5.2.0,control,,"A. Establish [Assignment: organization-defined policies] governing the installation of software by users
B. Enforce software installation policies through the following methods: [Assignment: organization-defined methods]
C. Monitor policy compliance [Assignment: organization-defined frequency]",,,
cm-11.1,CM-11(1),CM,Alerts for Unauthorized Installations,NIST SP 800-53 Rev. 5.2.0,,withdrawn,,,,
cm-11.2,CM-11(2),CM,Software installation with privileged status,NIST SP 800-53 Rev. 5.2.0,control,,Allow user installation of software only with explicit privileged status.,,,
cm-11.3,CM-11(3),CM,Automated enforcement and monitoring,NIST SP 800-53 Rev. 5.2.0,control,,Enforce and monitor compliance with software installation policies using [Assignment: organization-defined automated mechanisms].,,,
cm-12,CM-12,CM,Information location,NIST SP 800-53 Rev. 5.2.0,control,,"A. Identify and document the location of [Assignment: organization-defined information] and the specific system components on which the information is processed and stored
B. Identify and document the users who have access to the system and system components where the information is processed and stored
C. Document changes to the location (i.e., system or system components) where the information is processed and stored",,The security category of the information is also a factor in determining the controls necessary to protect the information and the system component where the information resides (see TBS Standard on Security Categorization).,
cm-12.1,CM-12(1),CM,Automated tools to support information location,NIST SP 800-53 Rev. 5.2.0,control,,Use automated tools to identify [Assignment: organization-defined information by information type] on [Assignment: organization-defined system components] to ensure controls are in place to protect organizational information and individual privacy.,,,
cm-13,CM-13,CM,Data action mapping,NIST SP 800-53 Rev. 5.2.0,control,,Develop and document a map of system data actions.,,,
cm-14,CM-14,CM,Signed components,NIST SP 800-53 Rev. 5.2.0,control,,Prevent the installation of [Assignment: organization-defined software and firmware components] without verification that the component has been digitally signed using a certificate that is recognized and approved by the organization.,,,
cp-1,CP-1,CP,Contingency planning policy and procedures,NIST SP 800-53 Rev. 5.2.0,activity,,"A. Develop, document, and disseminate to [Assignment: organization-defined personnel or roles]
1. [Selection (1 or more): Organization-level; Mission/business process-level; System-level] contingency planning policy that
   a. addresses purpose, scope, roles, responsibilities, management commitment, coordination among organizational entities, and compliance
   b. is consistent with applicable laws, Orders in Council, directives, regulations, jurisprudence, policies, standards, and guidelines
2. procedures to facilitate the implementation of the contingency planning policy and the associated contingency planning controls
   B. Designate an [Assignment: organization-defined official] to manage the development, documentation, and dissemination of the contingency planning policy and procedures
   C. Review and update the current contingency planning
3. policy [Assignment: organization-defined frequency] and following [Assignment: organization-defined events]
4. procedures [Assignment: organization-defined frequency] and following [Assignment: organization-defined events]",,,
cp-2,CP-2,CP,Contingency plan,NIST SP 800-53 Rev. 5.2.0,control,,"A. Develop a contingency plan for the system that
1. identifies essential mission and business functions and associated contingency requirements
2. provides recovery objectives, restoration priorities, and metrics
3. addresses contingency roles, responsibilities, and assigned individuals with contact information
4. addresses maintaining essential mission and business functions despite a system disruption, compromise, or failure
5. addresses eventual, full system restoration without deterioration of the controls originally planned and implemented
6. addresses the integrity of the data held within the system, including personal information
7. addresses the impact, injury, or consequence of a system compromise, including with respect to personal information
8. addresses the sharing of contingency information
9. is reviewed and approved by [Assignment: organization-defined personnel or roles]
   B. Distribute copies of the contingency plan to [Assignment: organization-defined key contingency personnel (identified by name and/or by role) and organizational elements]
   C. Ensure individuals with responsibilities review the contingency plan and understand their roles
   D. Coordinate contingency planning activities with incident handling activities
   E. Review the contingency plan for the system [Assignment: organization-defined frequency]
   F. Update the contingency plan to address changes to the organization, system, or environment of operation and problems encountered during contingency plan implementation, execution, or testing
   G. Communicate contingency plan changes to [Assignment: organization-defined key contingency personnel (identified by name and/or by role) and organizational elements]
   H. Incorporate lessons learned from contingency plan testing, training, or actual contingency activities into contingency testing and training
   AA. Protect the contingency plan from unauthorized disclosure and modification",,,
cp-2.1,CP-2(1),CP,Coordinate with related plans,NIST SP 800-53 Rev. 5.2.0,control,,Coordinate contingency plan development with organizational elements responsible for related plans.,,,
cp-2.2,CP-2(2),CP,Capacity planning,NIST SP 800-53 Rev. 5.2.0,control,,"Conduct capacity planning so that necessary capacity for information processing, telecommunications, and environmental support exists during contingency operations.",,,
cp-2.3,CP-2(3),CP,Resume mission and business functions,NIST SP 800-53 Rev. 5.2.0,control,,Plan for the resumption of [Selection (1): all; essential] mission and business functions within [Assignment: organization-defined time period] of contingency plan activation.,,,
cp-2.4,CP-2(4),CP,Resume All Mission and Business Functions,NIST SP 800-53 Rev. 5.2.0,,withdrawn,,,,
cp-2.5,CP-2(5),CP,Continue mission and business functions,NIST SP 800-53 Rev. 5.2.0,control,,Plan for the continuance of [Selection (1): all; essential] mission and business functions with minimal or no loss of operational continuity and sustain that continuity until full system restoration at primary processing and/or storage sites.,,,
cp-2.6,CP-2(6),CP,Alternate processing and storage sites,NIST SP 800-53 Rev. 5.2.0,control,,Plan for the transfer of [Selection (1): all; essential] mission and business functions to alternate processing and/or storage sites with minimal or no loss of operational continuity and sustain that continuity through system restoration to primary processing and/or storage sites.,,,
cp-2.7,CP-2(7),CP,Coordinate with external service providers,NIST SP 800-53 Rev. 5.2.0,control,,Coordinate the contingency plan with the contingency plans of external service providers to ensure that contingency requirements can be satisfied.,,,
cp-2.8,CP-2(8),CP,Identify critical assets,NIST SP 800-53 Rev. 5.2.0,control,,Identify critical system assets supporting [Selection (1): all; essential] mission and business functions.,,,
cp-3,CP-3,CP,Contingency training,NIST SP 800-53 Rev. 5.2.0,control,,"A. Provide contingency training to system users consistent with assigned roles and responsibilities
1. within [Assignment: organization-defined time period] of assuming a contingency role or responsibility
2. when required by system changes
3. [Assignment: organization-defined frequency] thereafter
   B. Review and update contingency training content [Assignment: organization-defined frequency] and following [Assignment: organization-defined events]",,,
cp-3.1,CP-3(1),CP,Simulated events,NIST SP 800-53 Rev. 5.2.0,control,,Incorporate simulated events into contingency training to facilitate effective response by personnel in crisis situations.,,,
cp-3.2,CP-3(2),CP,Mechanisms used in training environments,NIST SP 800-53 Rev. 5.2.0,control,,Employ mechanisms used in operations to provide a more thorough and realistic contingency training environment.,,,
cp-4,CP-4,CP,Contingency plan testing,NIST SP 800-53 Rev. 5.2.0,control,,"A. Test the contingency plan for the system [Assignment: organization-defined frequency] using the following tests to determine the effectiveness of the plan and the readiness to execute the plan: [Assignment: organization-defined tests]
B. Review the contingency plan test results
C. Initiate corrective actions, if needed",,,
cp-4.1,CP-4(1),CP,Coordinate with related plans,NIST SP 800-53 Rev. 5.2.0,control,,Coordinate contingency plan testing with organizational elements responsible for related plans.,,,
cp-4.2,CP-4(2),CP,Alternate processing site,NIST SP 800-53 Rev. 5.2.0,control,,"Test the contingency plan at the alternate processing site to:
a. familiarize contingency personnel with the facility and available resources
b. evaluate the capabilities of the alternate processing site to support contingency operations",,,
cp-4.3,CP-4(3),CP,Automated testing,NIST SP 800-53 Rev. 5.2.0,control,,Test the contingency plan using [Assignment: organization-defined automated mechanisms].,,,
cp-4.4,CP-4(4),CP,Full recovery and reconstitution,NIST SP 800-53 Rev. 5.2.0,control,,Include a full recovery and reconstitution of the system to a known state as part of contingency plan testing.,,,
cp-4.5,CP-4(5),CP,Self-challenge,NIST SP 800-53 Rev. 5.2.0,control,,Employ [Assignment: organization-defined mechanisms] to [Assignment: organization-defined system or system component] to disrupt and adversely affect the system or system component.,,,
cp-5,CP-5,CP,Contingency Plan Update,NIST SP 800-53 Rev. 5.2.0,,withdrawn,,,,
cp-6,CP-6,CP,Alternate storage site,NIST SP 800-53 Rev. 5.2.0,control,,"A. Establish an alternate storage site, including necessary agreements to permit the storage and retrieval of system backup information
B. Ensure that the alternate storage site provides controls equivalent to that of the primary site",,,
cp-6.1,CP-6(1),CP,Separation from primary site,NIST SP 800-53 Rev. 5.2.0,control,,Identify an alternate storage site that is sufficiently separated from the primary storage site to reduce susceptibility to the same threats.,,,
cp-6.2,CP-6(2),CP,Recovery time and recovery point objectives,NIST SP 800-53 Rev. 5.2.0,control,,Configure the alternate storage site to facilitate recovery operations in accordance with recovery time and recovery point objectives.,,,
cp-6.3,CP-6(3),CP,Accessibility,NIST SP 800-53 Rev. 5.2.0,control,,Identify potential accessibility problems to the alternate storage site in the event of an area-wide disruption or disaster and outline explicit mitigation actions.,,,
cp-7,CP-7,CP,Alternate processing site,NIST SP 800-53 Rev. 5.2.0,control,,"A. Establish an alternate processing site, including necessary agreements to permit the transfer and resumption of [Assignment: organization-defined system operations] for essential mission and business functions within [Assignment: organization-defined time period consistent with recovery time and recovery point objectives] when the primary processing capabilities are unavailable
B. Make available at the alternate processing site the equipment and supplies required to transfer and resume operations or put contracts in place to support delivery to the site within the organization-defined time period for transfer and resumption
C. Provide controls at the alternate processing site that are equivalent to those at the primary site",,,
cp-7.1,CP-7(1),CP,Separation from primary site,NIST SP 800-53 Rev. 5.2.0,control,,Identify an alternate processing site that is sufficiently separated from the primary processing site to reduce susceptibility to the same threats.,,,
cp-7.2,CP-7(2),CP,Accessibility,NIST SP 800-53 Rev. 5.2.0,control,,Identify potential accessibility problems to alternate processing sites in the event of an area-wide disruption or disaster and outlines explicit mitigation actions.,,,
cp-7.3,CP-7(3),CP,Priority of service,NIST SP 800-53 Rev. 5.2.0,control,,Develop alternate processing site agreements that contain priority of service provisions in accordance with availability requirements (including recovery time objectives).,,,
cp-7.4,CP-7(4),CP,Preparation for use,NIST SP 800-53 Rev. 5.2.0,control,,Prepare the alternate processing site so that the site can serve as the operational site supporting essential mission and business functions.,,,
cp-7.5,CP-7(5),CP,Equivalent Information Security Safeguards,NIST SP 800-53 Rev. 5.2.0,,withdrawn,,,,
cp-7.6,CP-7(6),CP,Inability to return to primary site,NIST SP 800-53 Rev. 5.2.0,control,,Plan and prepare for circumstances that preclude returning to the primary processing site.,,,
cp-8,CP-8,CP,Telecommunications services,NIST SP 800-53 Rev. 5.2.0,control,,"Establish alternate telecommunications services, including necessary agreements to permit the resumption of [Assignment: organization-defined system operations] for essential mission and business functions within [Assignment: organization-defined time period] when the primary telecommunications capabilities are unavailable at either the primary or alternate processing or storage sites.",,,
cp-8.1,CP-8(1),CP,Priority of service provisions,NIST SP 800-53 Rev. 5.2.0,control,,"a. Develop primary and alternate telecommunications service agreements that contain priority-of-service provisions in accordance with availability requirements (including recovery time objectives)
b. Request priority access for dialing via Innovation, Science and Economic Development Canada (ISED) for all telecommunications services used for national security emergency preparedness if the primary and/or alternate telecommunications services are provided by a common carrier (see ISED’s Priority Access for Dialling telecommunications services in times of crisis)",,No longer available in Canada.,
cp-8.2,CP-8(2),CP,Single points of failure,NIST SP 800-53 Rev. 5.2.0,control,,Obtain alternate telecommunications services to reduce the likelihood of sharing a single point of failure with primary telecommunications services.,,,
cp-8.3,CP-8(3),CP,Separation of primary and alternate providers,NIST SP 800-53 Rev. 5.2.0,control,,Obtain alternate telecommunications services from providers that are separated from primary service providers to reduce susceptibility to the same threats.,,,
cp-8.4,CP-8(4),CP,Provider contingency plan,NIST SP 800-53 Rev. 5.2.0,control,,"a. Require primary and alternate telecommunications service providers to have contingency plans
b. Review provider contingency plans to ensure that the plans meet organizational contingency requirements
c. Obtain evidence of contingency testing and training by providers [Assignment: organization-defined frequency]",,"Telecommunications service providers may also participate in ongoing disaster recovery exercises in coordination with Public Safety Canada and provincial, municipal, and territorial governments. Organizations may use these types of activities to satisfy evidentiary requirements related to service provider contingency plan reviews, testing, and training.",
cp-8.5,CP-8(5),CP,Alternate telecommunications service testing,NIST SP 800-53 Rev. 5.2.0,control,,Test alternate telecommunications services [Assignment: organization-defined frequency].,,,
cp-9,CP-9,CP,System backup,NIST SP 800-53 Rev. 5.2.0,control,,"A. Conduct backups of user-level information contained in [Assignment: organization-defined system components] [Assignment: organization-defined frequency consistent with recovery time and recovery point objectives]
B. Conduct backups of system-level information contained in the system [Assignment: organization-defined frequency consistent with recovery time and recovery point objectives]
C. Conduct backups of system documentation, including security- and privacy-related documentation [Assignment: organization-defined frequency consistent with recovery time and recovery point objectives]
D. Protect the confidentiality, integrity, and availability of backup information
AA. The organization determines retention periods for essential business information and archived backup",,,
cp-9.1,CP-9(1),CP,Testing for reliability and integrity,NIST SP 800-53 Rev. 5.2.0,control,,Test backup information [Assignment: organization-defined frequency] to verify media reliability and information integrity.,,,
cp-9.2,CP-9(2),CP,Test restoration using sampling,NIST SP 800-53 Rev. 5.2.0,control,,Use a sample of backup information in the restoration of selected system functions as part of contingency plan testing.,,,
cp-9.3,CP-9(3),CP,Separate storage for critical information,NIST SP 800-53 Rev. 5.2.0,control,,Store backup copies of [Assignment: organization-defined critical system software and other security-related information] in a separate facility or in a fire rated container that is not collocated with the operational system.,,,
cp-9.4,CP-9(4),CP,Protection from Unauthorized Modification,NIST SP 800-53 Rev. 5.2.0,,withdrawn,,,,
cp-9.5,CP-9(5),CP,Transfer to alternate storage site,NIST SP 800-53 Rev. 5.2.0,control,,Transfer system backup information to the alternate storage site [Assignment: organization-defined time period and transfer rate consistent with the recovery time and recovery point objectives].,,,
cp-9.6,CP-9(6),CP,Redundant secondary system,NIST SP 800-53 Rev. 5.2.0,control,,Conduct system backup by maintaining a redundant secondary system that is not collocated with the primary system and that can be activated without loss of information or disruption to operations.,,,
cp-9.7,CP-9(7),CP,Dual authorization for deletion or destruction,NIST SP 800-53 Rev. 5.2.0,control,,Enforce dual authorization for the deletion or destruction of [Assignment: organization-defined backup information].,,,
cp-9.8,CP-9(8),CP,Cryptographic protection,NIST SP 800-53 Rev. 5.2.0,control,,Implement cryptographic mechanisms to prevent unauthorized disclosure and modification of [Assignment: organization-defined backup information].,,,
cp-10,CP-10,CP,System recovery and reconstitution,NIST SP 800-53 Rev. 5.2.0,control,,"Provide for the recovery and reconstitution of the system to a known state within [Assignment: organization-defined time period consistent with recovery time and recovery point objectives] after a disruption, compromise, or failure.",,,
cp-10.1,CP-10(1),CP,Contingency Plan Testing,NIST SP 800-53 Rev. 5.2.0,,withdrawn,,,,
cp-10.2,CP-10(2),CP,Transaction recovery,NIST SP 800-53 Rev. 5.2.0,control,,Implement transaction recovery for systems that are transaction-based.,,,
cp-10.3,CP-10(3),CP,Compensating Security Controls,NIST SP 800-53 Rev. 5.2.0,,withdrawn,Addressed through tailoring.,,,
cp-10.4,CP-10(4),CP,Restore within time period,NIST SP 800-53 Rev. 5.2.0,control,,"Provide the capability to restore system components within [Assignment: organization-defined restoration time periods] from configuration-controlled and integrity-protected information representing a known, operational state for the components.",,,
cp-10.5,CP-10(5),CP,Failover Capability,NIST SP 800-53 Rev. 5.2.0,,withdrawn,,,,
cp-10.6,CP-10(6),CP,Component protection,NIST SP 800-53 Rev. 5.2.0,control,,Protect system components used for recovery and reconstitution.,,,
cp-11,CP-11,CP,Alternate communications protocols,NIST SP 800-53 Rev. 5.2.0,control,,Provide the capability to employ [Assignment: organization-defined alternative communications protocols] in support of maintaining continuity of operations.,,,
cp-12,CP-12,CP,Safe mode,NIST SP 800-53 Rev. 5.2.0,control,,"When [Assignment: organization-defined conditions] are detected, enter a safe mode of operation with [Assignment: organization-defined restrictions of safe mode of operation].",,,
cp-13,CP-13,CP,Alternative security mechanisms,NIST SP 800-53 Rev. 5.2.0,control,,Employ [Assignment: organization-defined alternative or supplemental security mechanisms] for satisfying [Assignment: organization-defined security functions] when the primary means of implementing the security function is unavailable or compromised.,,,
ia-1,IA-1,IA,Identification and authentication policy and procedures,NIST SP 800-53 Rev. 5.2.0,activity,,"A. Develop, document, and disseminate to [Assignment: organization-defined personnel or roles]
1. [Selection (1 or more): Organization-level; Mission/business process-level; System-level] identification and authentication (IA) policy that
   a. addresses purpose, scope, roles, responsibilities, management commitment, coordination among organizational entities, and compliance
   b. is consistent with applicable laws, jurisprudence, Orders in Council, directives, regulations, policies, standards, and guidelines
2. procedures to facilitate the implementation of the identification and authentication policy and the associated identification and authentication controls
   B. Designate an [Assignment: organization-defined official] to manage the development, documentation, and dissemination of the identification and authentication policy and procedures
   C. Review and update the current identification and authentication
3. policy [Assignment: organization-defined frequency] and following [Assignment: organization-defined events]
4. procedures [Assignment: organization-defined frequency] and following [Assignment: organization-defined events]",,"Under the federal Privacy Act, individuals’ names or contact information at work is defined as personal information. For example, if non-organizational users rely on email addresses as part of their credentials, this would be a collection of personal information, with the associated controls required.",
ia-2,IA-2,IA,Identification and authentication (organizational users),NIST SP 800-53 Rev. 5.2.0,control,,Uniquely identify and authenticate organizational users and associate that unique identification with processes acting on behalf of those users.,,Organizations can satisfy the identification and authentication requirements by complying with the requirements set by TBS.,
ia-2.1,IA-2(1),IA,Strong MFA to privileged accounts,NIST SP 800-53 Rev. 5.2.0,control,,Implement strong MFA for access to privileged accounts.,,"In the GC, privileged users should have Level of Assurance 4 (LoA4) MFA.",
ia-2.2,IA-2(2),IA,MFA to non-privileged accounts,NIST SP 800-53 Rev. 5.2.0,control,,Implement MFA for access to non-privileged accounts.,,"In the GC, non-privileged users should have a minimum Level of Assurance 3 (LoA3) MFA.",
ia-2.3,IA-2(3),IA,Local Access to Privileged Accounts,NIST SP 800-53 Rev. 5.2.0,,withdrawn,,,,
ia-2.4,IA-2(4),IA,Local Access to Non-privileged Accounts,NIST SP 800-53 Rev. 5.2.0,,withdrawn,,,,
ia-2.5,IA-2(5),IA,Individual authentication with group authentication,NIST SP 800-53 Rev. 5.2.0,control,,"When shared accounts or authenticators are employed, require users to be individually authenticated before granting access to the shared accounts or resources.",,,
ia-2.6,IA-2(6),IA,Access to accounts — separate device,NIST SP 800-53 Rev. 5.2.0,control,,"Implement MFA for [Selection (1 or more): local; network; remote] access to [Selection (1 or more): privileged accounts; non-privileged accounts] such that
a. one of the factors is provided by a device separate from the system gaining access
b. the device meets [Assignment: organization-defined strength of mechanism requirements]",,,
ia-2.7,IA-2(7),IA,Network Access to Non-privileged Accounts — Separate Device,NIST SP 800-53 Rev. 5.2.0,,withdrawn,,,,
ia-2.8,IA-2(8),IA,Access to accounts — replay resistant,NIST SP 800-53 Rev. 5.2.0,control,,Implement replay-resistant authentication mechanisms for access to [Selection (1 or more): privileged accounts; non-privileged accounts].,,,
ia-2.9,IA-2(9),IA,Network Access to Non-privileged Accounts — Replay Resistant,NIST SP 800-53 Rev. 5.2.0,,withdrawn,,,,
ia-2.10,IA-2(10),IA,Single sign-on,NIST SP 800-53 Rev. 5.2.0,control,,Provide a single sign-on capability for [Assignment: organization-defined system accounts and services].,,,
ia-2.11,IA-2(11),IA,Remote Access — Separate Device,NIST SP 800-53 Rev. 5.2.0,,withdrawn,,,,
ia-2.12,IA-2(12),IA,Use of hardware token GC-issued PKI-based credentials,NIST SP 800-53 Rev. 5.2.0,control,,Accept and electronically verify GC-issued hardware token public key infrastructure (PKI)-based credentials.,,"It is recommended that GC-issued hardware token PKI-based credentials apply to organizations implementing logical access control and physical access control systems. At times, these credentials may contain personal information. Consideration of the privacy concept of necessity versus proportionality requires that organizations collect just enough personal information required to ensure accurate authentication.",
ia-2.13,IA-2(13),IA,Out-of-band authentication,NIST SP 800-53 Rev. 5.2.0,control,,Implement the following out-of-band authentication mechanisms under [Assignment: organization-defined conditions]: [Assignment: organization-defined out-of-band authentication].,,,
ia-2.400,IA-2(400),IA,MFA for remote access to privileged accounts,CCCS,,withdrawn,Incorporated into IA-02(01) and IA-02(06).,,,
ia-3,IA-3,IA,Device identification and authentication,NIST SP 800-53 Rev. 5.2.0,control,,Uniquely identify and authenticate [Assignment: organization-defined devices and/or types of devices] before establishing a [Selection (1 or more): local; remote; network] connection.,,,
ia-3.1,IA-3(1),IA,Cryptographic bidirectional authentication,NIST SP 800-53 Rev. 5.2.0,control,,Authenticate [Assignment: organization-defined devices and/or types of devices] before establishing [Selection (1 or more): local; remote; network] connection using bidirectional authentication that is cryptographically based.,,,
ia-3.2,IA-3(2),IA,Cryptographic Bidirectional Network Authentication,NIST SP 800-53 Rev. 5.2.0,,withdrawn,,,,
ia-3.3,IA-3(3),IA,Dynamic address allocation,NIST SP 800-53 Rev. 5.2.0,control,,"a. Where addresses are allocated dynamically, standardize dynamic address allocation lease information and the lease duration assigned to devices in accordance with [Assignment: organization-defined lease information and lease duration]
b. Audit lease information when assigned to a device",,,
ia-3.4,IA-3(4),IA,Device attestation,NIST SP 800-53 Rev. 5.2.0,control,,Handle device identification and authentication based on attestation by [Assignment: organization-defined configuration management process].,,,
ia-4,IA-4,IA,Identifier management,NIST SP 800-53 Rev. 5.2.0,control,,"Manage system identifiers by:
A. receiving authorization from [Assignment: organization-defined personnel or roles] to assign an individual, group, role, service, or device identifier
B. selecting an identifier that identifies an individual, group, role, service, or device
C. assigning the identifier to the intended individual, group, role, service, or device
D. preventing reuse of identifiers for [Assignment: organization-defined time period]",,,
ia-4.1,IA-4(1),IA,Prohibit account identifiers as public identifiers,NIST SP 800-53 Rev. 5.2.0,control,,Prohibit the use of system account identifiers that are the same as public identifiers for individual accounts.,,,
ia-4.2,IA-4(2),IA,Supervisor Authorization,NIST SP 800-53 Rev. 5.2.0,,withdrawn,,,,
ia-4.3,IA-4(3),IA,Multiple Forms of Certification,NIST SP 800-53 Rev. 5.2.0,,withdrawn,,,,
ia-4.4,IA-4(4),IA,Identify user status,NIST SP 800-53 Rev. 5.2.0,control,,Manage individual identifiers by uniquely identifying each individual as [Assignment: organization-defined characteristic identifying individual status].,,"For example, it might be useful for a government employee to know that one of the individuals on an email message is a contractor. This is generally intended for use with national security systems.",
ia-4.5,IA-4(5),IA,Dynamic management,NIST SP 800-53 Rev. 5.2.0,control,,Manage individual identifiers dynamically in accordance with [Assignment: organization-defined dynamic identifier policy].,,,
ia-4.6,IA-4(6),IA,Cross-organization management,NIST SP 800-53 Rev. 5.2.0,control,,Coordinate with the following external organizations for cross-organization management of identifiers: [Assignment: organization-defined external organizations].,,If there is a necessity to share personal information (such as identifiers) for cross-organization management - for example during a security investigation - consideration should be given to implementing an information sharing arrangement or agreement or contract documents designed to protect the personal identifiers.,
ia-4.7,IA-4(7),IA,In-person Registration,NIST SP 800-53 Rev. 5.2.0,,withdrawn,,,,
ia-4.8,IA-4(8),IA,Pairwise pseudonymous identifiers,NIST SP 800-53 Rev. 5.2.0,control,,Generate pairwise pseudonymous identifiers.,,,
ia-4.9,IA-4(9),IA,Attribute maintenance and protection,NIST SP 800-53 Rev. 5.2.0,control,,"Maintain the attributes for each uniquely identified individual, device, or service in [Assignment: organization-defined protected central storage].",,,
ia-4.400,IA-4(400),IA,Biometrics protection,CCCS,control,,Maintain adequate protection for biometrics in accordance with privacy regulations.,,,
ia-4.401,IA-4(401),IA,Biometrics integrity,CCCS,control,,Ensure the integrity of collected biometrics.,,"The federal Privacy Act requires that organizations take all reasonable steps to ensure that personal information used for an administrative purpose by the institution is as accurate, up-to-date, and complete as possible.",
ia-5,IA-5,IA,Authenticator management,NIST SP 800-53 Rev. 5.2.0,control,,"Manage system authenticators by:
A. verifying, as part of the initial authenticator distribution, the identity of the individual, group, role, service, or device receiving the authenticator
B. establishing initial authenticator content for any authenticators issued by the organization
C. ensuring that authenticators have sufficient strength of mechanism for their intended use
D. establishing and implementing administrative procedures for initial authenticator distribution, for lost or compromised or damaged authenticators, and for revoking authenticators
E. changing default authenticators prior to first use
F. changing or refreshing authenticators [Assignment: organization-defined time period by authenticator type] or when [Assignment: organization-defined events] occur
G. protecting authenticator content from unauthorized disclosure and modification
H. requiring individuals to take, and having devices implement, specific controls to protect authenticators
I. changing authenticators for group or role accounts when membership to those accounts changes",,,
ia-5.1,IA-5(1),IA,Password-based authentication,NIST SP 800-53 Rev. 5.2.0,control,,"For password-based authentication:
a. maintain a list of commonly used, expected, or compromised passwords and update the list [Assignment: organization-defined frequency] and when organizational passwords are suspected to have been compromised directly or indirectly
b. when users create or update passwords, verify that the passwords are not found on the list of commonly used, expected, or compromised passwords in IA-05(01)a
c. transmit passwords only over cryptographically protected channels
d. store passwords using an approved salted key derivation function, preferably using a keyed hash
e. require immediate selection of a new password upon account recovery
f. allow user selection of long passwords and passphrases, including spaces and all printable characters
g. employ automated tools to assist the user in selecting strong password authenticators
h. enforce the following composition and complexity rules: [Assignment: organization-defined composition and complexity rules]",,,
ia-5.2,IA-5(2),IA,Public key-based authentication,NIST SP 800-53 Rev. 5.2.0,control,,"a. For public key-based authentication
1) enforce authorized access to the corresponding private key
2) map the authenticated identity to the account of the individual or group
   b. When PKI is used
3) validate certificates by constructing and verifying a certification path to an accepted trust anchor, including checking certificate status information
4) implement a local cache of revocation data to support path discovery and validation",,,
ia-5.3,IA-5(3),IA,In-person or Trusted External Party Registration,NIST SP 800-53 Rev. 5.2.0,,withdrawn,,,,
ia-5.4,IA-5(4),IA,Automated Support for Password Strength Determination,NIST SP 800-53 Rev. 5.2.0,,withdrawn,,,,
ia-5.5,IA-5(5),IA,Change authenticators prior to delivery,NIST SP 800-53 Rev. 5.2.0,control,,Require developers and installers of system components to provide unique authenticators or change default authenticators prior to delivery and installation.,,,
ia-5.6,IA-5(6),IA,Protection of authenticators,NIST SP 800-53 Rev. 5.2.0,control,,Protect authenticators commensurate with the security category of the information to which use of the authenticator permits access.,,,
ia-5.7,IA-5(7),IA,No embedded unencrypted static authenticators,NIST SP 800-53 Rev. 5.2.0,control,,Ensure that unencrypted static authenticators are not embedded in applications or other forms of static storage.,,,
ia-5.8,IA-5(8),IA,Multiple system accounts,NIST SP 800-53 Rev. 5.2.0,control,,Implement [Assignment: organization-defined security controls] to manage the risk of compromise due to individuals having accounts on multiple systems.,,,
ia-5.9,IA-5(9),IA,Federated credential management,NIST SP 800-53 Rev. 5.2.0,control,,Use the following external organizations to federate credentials: [Assignment: organization-defined external organizations].,,,
ia-5.10,IA-5(10),IA,Dynamic credential binding,NIST SP 800-53 Rev. 5.2.0,control,,Bind identities and authenticators dynamically using the following rules: [Assignment: organization-defined binding rules].,,,
ia-5.11,IA-5(11),IA,Hardware Token-based Authentication,NIST SP 800-53 Rev. 5.2.0,,withdrawn,,,,
ia-5.12,IA-5(12),IA,Biometric authentication performance,NIST SP 800-53 Rev. 5.2.0,control,,"For biometric-based authentication, employ mechanisms that satisfy the following biometric quality requirements [Assignment: organization-defined biometric quality requirements].",,"The federal Privacy Act requires that organizations take all reasonable steps to ensure that personal information that is used for an administrative purpose by the institution is as accurate, up-to-date, and complete as possible.",
ia-5.13,IA-5(13),IA,Expiration of cached authenticators,NIST SP 800-53 Rev. 5.2.0,control,,Prohibit the use of cached authenticators after [Assignment: organization-defined time period].,,,
ia-5.14,IA-5(14),IA,Managing content of PKI trust stores,NIST SP 800-53 Rev. 5.2.0,control,,"For PKI-based authentication, employ an organization-wide methodology for managing the content of PKI trust stores installed across all platforms, including networks, operating systems, browsers, and applications.",,,
ia-5.15,IA-5(15),IA,"Identity, credential and authentication assurance levels compliant products and",NIST SP 800-53 Rev. 5.2.0,control,,"services Use only products and services for identity, credential, authentication, and access management that are compliant with the required assurance levels.",,"Products and services need to be compliant with the requirements set by TBS in its Standard on Identity and Credential Assurance and by the Cyber Centre in User authentication guidance for information technology systems (ITSP.30.031). The required identity, credential and authentication levels of assurance need to be documented and controls that mitigate risks and allow to achieve requirements must be applied.",
ia-5.16,IA-5(16),IA,In-person or trusted external party authenticator issuance,NIST SP 800-53 Rev. 5.2.0,control,,Require that the issuance of [Assignment: organization-defined types of and/or specific authenticators] be conducted [Selection (1): in person; by a trusted external party] before [Assignment: organization-defined registration authority] with authorization by [Assignment: organization-defined personnel or roles].,,,
ia-5.17,IA-5(17),IA,Presentation attack detection for biometric authenticators,NIST SP 800-53 Rev. 5.2.0,control,,Employ presentation attack detection mechanisms for biometric-based authentication.,,,
ia-5.18,IA-5(18),IA,Password managers,NIST SP 800-53 Rev. 5.2.0,control,,"a. Employ [Assignment: organization-defined password managers] to generate and manage passwords
b. Protect the passwords using [Assignment: organization-defined controls]",,,
ia-6,IA-6,IA,Authentication feedback,NIST SP 800-53 Rev. 5.2.0,control,,Obscure feedback of authentication information during the authentication process to protect the information from possible exploitation and use by unauthorized individuals.,,,
ia-7,IA-7,IA,Cryptographic module authentication,NIST SP 800-53 Rev. 5.2.0,control,,"Implement mechanisms for authentication to a cryptographic module that meet the requirements of applicable laws, Orders in Council, directives, policies, regulations, standards, and guidelines for such authentication.",,,
ia-8,IA-8,IA,Identification and authentication (non-organizational users),NIST SP 800-53 Rev. 5.2.0,control,,Uniquely identify and authenticate non-organizational users or processes acting on behalf of non-organizational users.,,,
ia-8.1,IA-8(1),IA,Acceptance of PKI-based credentials from other,NIST SP 800-53 Rev. 5.2.0,control,,agencies Accept and electronically verify PKI-based credentials from other GC departments and agencies.,,Acceptance of PKI-based credentials from other GC departments and agencies applies to both logical and physical access control systems.,
ia-8.2,IA-8(2),IA,Acceptance of external authenticators,NIST SP 800-53 Rev. 5.2.0,control,,"a. Accept only external authenticators that are compliant with ITSP.30.031-appropriate level of assurance
b. Document and maintain a list of accepted external authenticators",,"Approved external authenticators meet or exceed the minimum GC technical, security, privacy, and organizational maturity requirements. Meeting or exceeding GC requirements allows GC relying parties to trust external authenticators in connection with an authentication transaction at a specified authenticator assurance level. Examples of this in the GC are the Sign-In Partners and GCKey programs.

Sign-In Partners are private sector organizations that have partnered with SecureKey Technologies to enable their customers to use their online credentials to access GC services. GCKey is the government-branded issued credential. Both have the same authentication process and security requirements and are compliant with the Privacy Act.",
ia-8.3,IA-8(3),IA,Use of FICAM-approved Products,NIST SP 800-53 Rev. 5.2.0,,withdrawn,,,,
ia-8.4,IA-8(4),IA,Use of defined profiles,NIST SP 800-53 Rev. 5.2.0,control,,Conform to the following profiles for identity management [Assignment: organization-defined identity management profiles].,,,
ia-8.5,IA-8(5),IA,Acceptance of Personal Identity Verification (PIV)-I,NIST SP 800-53 Rev. 5.2.0,control,,credentials Accept and verify federated or PKI credentials that meet [Assignment: organization-defined policy].,,,
ia-8.6,IA-8(6),IA,Disassociability,NIST SP 800-53 Rev. 5.2.0,control,,"Implement the following measures to disassociate user attributes or identifier assertion relationships among individuals, credential service providers, and relying parties: [Assignment: organization-defined measures].",,,
ia-8.400,IA-8(400),IA,Identity and credential assurance,CCCS,,withdrawn,Incorporated into IA-05(15).,,,
ia-9,IA-9,IA,Service identification and authentication,NIST SP 800-53 Rev. 5.2.0,control,,"Uniquely identify and authenticate [Assignment: organization-defined system services and applications] before establishing communications with devices, users, or other services or applications.",,,
ia-9.1,IA-9(1),IA,Information Exchange,NIST SP 800-53 Rev. 5.2.0,,withdrawn,,,,
ia-9.2,IA-9(2),IA,Transmission of Decisions,NIST SP 800-53 Rev. 5.2.0,,withdrawn,,,,
ia-10,IA-10,IA,Adaptive authentication,NIST SP 800-53 Rev. 5.2.0,control,,Require individuals accessing the system to employ [Assignment: organization-defined supplemental authentication techniques or mechanisms] under specific [Assignment: organization-defined circumstances or situations].,,,
ia-11,IA-11,IA,Re-authentication,NIST SP 800-53 Rev. 5.2.0,control,,Require users to re-authenticate when [Assignment: organization-defined circumstances or situations requiring re-authentication].,,,
ia-12,IA-12,IA,Identity proofing,NIST SP 800-53 Rev. 5.2.0,control,,"A. Identity proof users that require accounts for logical access to systems based on appropriate identity assurance level requirements as specified in applicable standards and guidelines
B. Resolve user identities to a unique individual
C. Collect, validate, and verify identity evidence",,Standards and guidelines specifying identity assurance levels for identity proofing include Appendix A: Standard on Identity and Credential Assurance of the TBS Directive on Identity Management.,
ia-12.1,IA-12(1),IA,Supervisor authorization,NIST SP 800-53 Rev. 5.2.0,control,,Require that the registration process to receive an account for logical access includes supervisor or sponsor authorization.,,,
ia-12.2,IA-12(2),IA,Identity evidence,NIST SP 800-53 Rev. 5.2.0,control,,Require evidence of individual identification be presented to the registration authority.,,,
ia-12.3,IA-12(3),IA,Identity evidence validation and verification,NIST SP 800-53 Rev. 5.2.0,control,,Require that the presented identity evidence be validated and verified through [Assignment: organizational defined methods of validation and verification].,,Validation and verification of identity evidence is a requirement of the Privacy Act.,
ia-12.4,IA-12(4),IA,In-person validation and verification,NIST SP 800-53 Rev. 5.2.0,control,,Require that the validation and verification of identity evidence be conducted in person before a designated registration authority.,,,
ia-12.5,IA-12(5),IA,Address confirmation,NIST SP 800-53 Rev. 5.2.0,control,,Require that a [Selection (1): registration code; notice of proofing] be delivered through an out-of-band channel to verify the users address (physical or digital) of record.,,,
ia-12.6,IA-12(6),IA,Accept externally proofed identities,NIST SP 800-53 Rev. 5.2.0,control,,Accept externally proofed identities at [Assignment: organization-defined identity assurance level].,,,
ia-13,IA-13,IA,Identity providers and authorization servers,NIST SP 800-53 Rev. 5.2.0,control,,"Employ identity providers and authorization servers to manage user, device, and non-person entity (NPE) identities, attributes, and access rights supporting authentication and authorization decisions in accordance with [Assignment: organization-defined identification and authentication policy] using [Assignment: organization-defined mechanisms].",,,
ia-13.1,IA-13(1),IA,Protection of cryptographic keys,NIST SP 800-53 Rev. 5.2.0,control,,"Cryptographic keys that protect access tokens are generated, managed, and protected from disclosure and misuse.",,,
ia-13.2,IA-13(2),IA,Verification of identity assertions and access tokens,NIST SP 800-53 Rev. 5.2.0,control,,The source and integrity of identity assertions and access tokens are verified before granting access to system and information resources.,,,
ia-13.3,IA-13(3),IA,Token management,NIST SP 800-53 Rev. 5.2.0,control,,"In accordance with [Assignment: organization-defined identification and authentication policy], assertions and access tokens are:
a. generated
b. issued
c. refreshed
d. revoked
e. time-restricted
f. audience-restricted",,,
ir-1,IR-1,IR,Incident response policy and procedures,NIST SP 800-53 Rev. 5.2.0,activity,,"A. Develop, document, and disseminate to [Assignment: organization-defined personnel or roles]
1. [Selection (1 or more): Organization-level; Mission/business process-level; System-level] incident response policy that
   a. addresses purpose, scope, roles, responsibilities, management commitment, coordination among organizational entities, and compliance
   b. is consistent with applicable laws, Orders in Council, directives, regulations, policies, standards, and guidelines
2. procedures to facilitate the implementation of the incident response policy and the associated incident response controls
   B. Designate an [Assignment: organization-defined official] to manage the development, documentation, and dissemination of the incident response policy and procedures
   C. Review and update the current incident response
3. policy [Assignment: organization-defined frequency] and following [Assignment: organization-defined events]
4. procedures [Assignment: organization-defined frequency] and following [Assignment: organization-defined events]",,"GC departments’ and agencies’ incident response policy and procedures shall incorporate heightened levels of readiness during emergency and heightened cyber threat situations in accordance with the TBS Directive on Security Management, Appendix G: Mandatory Procedures for Security Event Management Control and Appendix B: Mandatory Procedures for Information Technology Security Control.",
ir-2,IR-2,IR,Incident response training,NIST SP 800-53 Rev. 5.2.0,control,,"A. Provide incident response training to system users consistent with assigned roles and responsibilities
1. within [Assignment: organization-defined time period] of assuming an incident response role or responsibility or acquiring system access
2. when required by system changes
3. [Assignment: organization-defined frequency] thereafter
   B. Review and update incident response training content [Assignment: organization-defined frequency] and following [Assignment: organization-defined events]",,Executives should engage their institution's Access to Information and Privacy (ATIP) Office or Chief Privacy Officer (CPO) to determine what training opportunities related to assessing and mitigating privacy breaches may be provided to suit their particular needs or to identify what services may be offered to support their program area.,
ir-2.1,IR-2(1),IR,Simulated events,NIST SP 800-53 Rev. 5.2.0,control,,Incorporate simulated events into incident response training to facilitate the required response by personnel in crisis situations.,,,
ir-2.2,IR-2(2),IR,Automated training environments,NIST SP 800-53 Rev. 5.2.0,control,,Provide an incident response training environment using [Assignment: organization-defined automated mechanisms].,,,
ir-2.3,IR-2(3),IR,Privacy breach,NIST SP 800-53 Rev. 5.2.0,control,,"Provide incident response training on how to identify and respond to a privacy breach, including the organization’s process for reporting a privacy breach.",,"For federal departments and agencies, an incident that involves personal information is considered a privacy breach. A privacy breach results in the loss of control, compromise, unauthorized disclosure, unpermitted use, unlawful collection, improper retention or disposal, or a similar occurrence where a person other than an authorized user accesses or potentially accesses or an authorized user accesses or potentially accesses such information for other than authorized purposes.

The incident response training includes the organization’s process for reporting a privacy breach to the OPC or TBS.",
ir-3,IR-3,IR,Incident response testing,NIST SP 800-53 Rev. 5.2.0,control,,Test the effectiveness of the incident response capability for the system [Assignment: organization-defined frequency] using the following tests: [Assignment: organization-defined tests].,,,
ir-3.1,IR-3(1),IR,Automated testing,NIST SP 800-53 Rev. 5.2.0,control,,Test the incident response capability using [Assignment: organization-defined automated mechanisms].,,,
ir-3.2,IR-3(2),IR,Coordination with related plans,NIST SP 800-53 Rev. 5.2.0,control,,Coordinate incident response testing with organizational elements responsible for related plans.,,,
ir-3.3,IR-3(3),IR,Continuous improvement,NIST SP 800-53 Rev. 5.2.0,control,,"Use qualitative and quantitative data from testing to:
a. determine the effectiveness of incident response processes
b. continuously improve incident response processes
c. provide incident response measures and metrics that are accurate, consistent, and in a reproducible format
d. identify trends to facilitate the identification of underlying patterns with respect to information-handling practices to prevent further breaches",,,
ir-4,IR-4,IR,Incident handling,NIST SP 800-53 Rev. 5.2.0,control,,"A. Implement an incident handling capability for incidents that is consistent with the incident response plan and includes preparation, detection and analysis, containment, eradication, and recovery
B. Coordinate incident handling activities with contingency planning activities
C. Incorporate lessons learned from ongoing incident handling activities into incident response procedures, training, and testing, and implement the resulting changes accordingly
D. Ensure the rigour, intensity, scope, and results of incident handling activities are comparable and predictable across the organization",,"For federal departments and agencies, an incident that involves personal information is considered a privacy breach. A privacy breach results in the loss of control, compromise, unauthorized disclosure, unpermitted use, unlawful collection, improper retention or disposal, or a similar occurrence where a person other than an authorized user accesses or potentially accesses or an authorized user accesses or potentially accesses such information for other than authorized purposes.

If the incident involves the breach of personal information, the response steps include preliminary assessment and containment; full assessment; notification of affected individuals; mitigation and prevention; notification to the OPC or TBS; and lessons learned.

Breaches of personal information can be considered material breaches if they involve sensitive personal information, could reasonably be expected to cause serious injury or harm to the individual, or involve a large number of affected individuals. Notification procedures may be different for material breaches.",
ir-4.1,IR-4(1),IR,Automated incident handling processes,NIST SP 800-53 Rev. 5.2.0,control,,Support the incident handling process using [Assignment: organization-defined automated mechanisms].,,,
ir-4.2,IR-4(2),IR,Dynamic reconfiguration,NIST SP 800-53 Rev. 5.2.0,control,,Include the following types of dynamic reconfiguration for [Assignment: organization-defined system components] as part of the incident response capability: [Assignment: organization-defined types of dynamic reconfiguration].,,,
ir-4.3,IR-4(3),IR,Continuity of operations,NIST SP 800-53 Rev. 5.2.0,control,,Identify [Assignment: organization-defined classes of incidents] and take the following actions in response to those incidents to ensure continuation of organizational mission and business functions: [Assignment: organization-defined actions to take in response to classes of incidents].,,,
ir-4.4,IR-4(4),IR,Information correlation,NIST SP 800-53 Rev. 5.2.0,control,,Correlate incident information and individual incident responses to achieve an organization-wide perspective on incident awareness and response.,,,
ir-4.5,IR-4(5),IR,Automatic disabling of system,NIST SP 800-53 Rev. 5.2.0,control,,Implement a configurable capability to automatically disable the system if [Assignment: organization-defined security violations] are detected.,,,
ir-4.6,IR-4(6),IR,Insider threats,NIST SP 800-53 Rev. 5.2.0,control,,Implement an incident handling capability for incidents involving insider threats.,,,
ir-4.7,IR-4(7),IR,Insider threats — intra-organization coordination,NIST SP 800-53 Rev. 5.2.0,control,,Coordinate an incident handling capability for insider threats that includes the following organizational entities [Assignment: organization-defined entities].,,,
ir-4.8,IR-4(8),IR,Correlation with external organizations,NIST SP 800-53 Rev. 5.2.0,control,,Coordinate with [Assignment: organization-defined external organizations] to correlate and share [Assignment: organization-defined incident information] to achieve a cross-organizational perspective on incident awareness and more effective incident responses.,,,
ir-4.9,IR-4(9),IR,Dynamic response capability,NIST SP 800-53 Rev. 5.2.0,control,,Employ [Assignment: organization-defined dynamic response capabilities] to respond to incidents.,,,
ir-4.10,IR-4(10),IR,Supply chain coordination,NIST SP 800-53 Rev. 5.2.0,control,,Coordinate incident handling activities involving supply chain events with other organizations involved in the supply chain.,,"Federal departments and agencies should include in their supply chain information exchange agreements processes for protecting and sharing incident information, and should consider their obligations for reporting incidents to government oversight bodies (e.g., TBS, OPC).",
ir-4.11,IR-4(11),IR,Integrated incident response team,NIST SP 800-53 Rev. 5.2.0,control,,Establish and maintain an integrated incident response team that can be deployed to any location identified by the organization in [Assignment: organization-defined time period].,,,
ir-4.12,IR-4(12),IR,Malicious code and forensic analysis,NIST SP 800-53 Rev. 5.2.0,control,,Analyze malicious code and/or other residual artifacts remaining in the system after the incident.,,,
ir-4.13,IR-4(13),IR,Behaviour analysis,NIST SP 800-53 Rev. 5.2.0,control,,Analyze anomalous or suspected adversarial behaviour in or related to [Assignment: organization-defined environments or resources].,,,
ir-4.14,IR-4(14),IR,Security operations centre,NIST SP 800-53 Rev. 5.2.0,control,,Establish and maintain a security operations centre.,,,
ir-4.15,IR-4(15),IR,"Public relations, reputation repair, and notification",NIST SP 800-53 Rev. 5.2.0,control,,"a. Manage public relations associated with an incident
b. Employ measures to repair the reputation of the organization
c. If applicable, notify individuals whose personal information has been compromised",,,
ir-5,IR-5,IR,Incident monitoring,NIST SP 800-53 Rev. 5.2.0,control,,Track and document incidents.,,,
ir-5.1,IR-5(1),IR,"Automated tracking, data collection, and analysis",NIST SP 800-53 Rev. 5.2.0,control,,Track incidents and collect and analyze incident information using [Assignment: organization-defined automated mechanisms].,,,
ir-6,IR-6,IR,Incident reporting,NIST SP 800-53 Rev. 5.2.0,control,,"A. Require personnel to report suspected incidents to the organizational incident response capability within [Assignment: organization-defined time period]
B. Report incident information to [Assignment: organization-defined authorities]",,,
ir-6.1,IR-6(1),IR,Automated reporting,NIST SP 800-53 Rev. 5.2.0,control,,Report incidents using [Assignment: organization-defined automated mechanisms].,,,
ir-6.2,IR-6(2),IR,Vulnerabilities related to incidents,NIST SP 800-53 Rev. 5.2.0,control,,Report system vulnerabilities associated with reported incidents to [Assignment: organization-defined personnel or roles].,,,
ir-6.3,IR-6(3),IR,Supply chain coordination,NIST SP 800-53 Rev. 5.2.0,control,,Provide incident information to the provider of the product or service and other organizations involved in the supply chain or supply chain governance for systems or system components related to the incident.,,,
ir-7,IR-7,IR,Incident response assistance,NIST SP 800-53 Rev. 5.2.0,control,,"Provide an incident response support resource, integral to the organizational incident response capability, that offers advice and assistance to users of the system for the handling and reporting of incidents.",,,
ir-7.1,IR-7(1),IR,Automation support for availability of information and support,NIST SP 800-53 Rev. 5.2.0,control,,Increase the availability of incident response information and support using [Assignment: organization-defined automated mechanisms].,,,
ir-7.2,IR-7(2),IR,Coordination with external providers,NIST SP 800-53 Rev. 5.2.0,control,,"a. Establish a direct, cooperative relationship between the organization’s incident response capability and external providers of a system protection capability
b. Identify organizational incident response team members to the external providers",,"It is recommended to have information sharing agreements, information sharing arrangements, or contracting documents in place with external providers to clarify the roles and responsibilities of each party before an incident occurs.",
ir-8,IR-8,IR,Incident response plan,NIST SP 800-53 Rev. 5.2.0,activity,,"A. Develop an incident response plan that
1. provides the organization with a roadmap for implementing its incident response capability
2. describes the structure and organization of the incident response capability
3. provides a high-level approach for how the incident response capability fits into the overall organization
4. meets the unique requirements of the organization which relate to mission, size, structure, and functions
5. defines reportable incidents
6. provides metrics for measuring the incident response capability within the organization
7. defines the resources and management support needed to effectively maintain and mature an incident response capability
8. addresses the sharing of incident information
9. is reviewed and approved by [Assignment: organization-defined personnel or roles] [Assignment: organization-defined frequency]
10. explicitly designates responsibility for incident response to [Assignment: organization-defined entities, personnel, or roles]
    B. Distribute copies of the incident response plan to [Assignment: organization-defined incident response personnel (identified by name and/or by role) and organizational elements]
    C. Update the incident response plan to address system and organizational changes or problems encountered during plan implementation, execution, or testing
    D. Communicate incident response plan changes to [Assignment: organization-defined incident response personnel (identified by name and/or by role) and organizational elements]
    E. Protect the incident response plan from unauthorized disclosure and modification",,,
ir-8.1,IR-8(1),IR,Privacy breaches,NIST SP 800-53 Rev. 5.2.0,activity,,"For privacy breaches involving personal information, include the following in the incident response plan:
a. a process to determine if notice to individuals or other organizations, including oversight organizations, is needed
b. an assessment process to determine the extent of the harm, embarrassment, inconvenience, or unfairness to affected individuals and any mechanisms to mitigate such harms
c. identification of applicable privacy requirements",,"In the event of a privacy breach under the Privacy Act, GC departments and agencies are responsible for meeting the requirements set out in Appendix B: Mandatory Procedures for Privacy Breaches of the TBS Directive on Privacy Practices. GC departments and agencies need to notify the individuals about the breaches and to keep records of the breaches.",
ir-9,IR-9,IR,Information spillage response,NIST SP 800-53 Rev. 5.2.0,control,,"Respond to information spills by:
A. assigning [Assignment: organization-defined personnel or roles] with responsibility for responding to information spills
B. identifying the specific information involved in the system contamination
C. alerting [Assignment: organization-defined personnel or roles] of the information spill using a method of communication not associated with the spill
D. isolating the contaminated system or system component
E. eradicating the information from the contaminated system or component
F. identifying other systems or system components that may have been subsequently contaminated
G. performing the following additional actions: [Assignment: organization-defined actions]",,,
ir-9.1,IR-9(1),IR,Responsible Personnel,NIST SP 800-53 Rev. 5.2.0,,withdrawn,,,,
ir-9.2,IR-9(2),IR,Training,NIST SP 800-53 Rev. 5.2.0,control,,Provide information spillage response training [Assignment: organization-defined frequency].,,,
ir-9.3,IR-9(3),IR,Post-spill operations,NIST SP 800-53 Rev. 5.2.0,control,,Implement the following procedures to ensure that organizational personnel impacted by information spills can continue to carry out assigned tasks while contaminated systems are undergoing corrective actions: [Assignment: organization-defined procedures].,,,
ir-9.4,IR-9(4),IR,Exposure to unauthorized personnel,NIST SP 800-53 Rev. 5.2.0,control,,Employ the following controls for personnel exposed to information not within assigned access authorizations: [Assignment: organization-defined controls].,,,
ir-10,IR-10,IR,Integrated Information Security Analysis Team,NIST SP 800-53 Rev. 5.2.0,,withdrawn,,,,
ma-1,MA-1,MA,Maintenance policy and procedures,NIST SP 800-53 Rev. 5.2.0,activity,,"A. Develop, document, and disseminate to [Assignment: organization-defined personnel or roles]
1. [Selection (1 or more): Organization-level; Mission/business process-level; System-level] maintenance policy that
   a. addresses purpose, scope, roles, responsibilities, management commitment, coordination among organizational entities, and compliance
   b. is consistent with applicable laws, Orders in Council, directives, regulations, policies, standards, and guidelines
2. procedures to facilitate the implementation of the maintenance policy and the associated maintenance controls
   B. Designate an [Assignment: organization-defined official] to manage the development, documentation, and dissemination of the maintenance policy and procedures
   C. Review and update the current maintenance
3. policy [Assignment: organization-defined frequency] and following [Assignment: organization-defined events]
4. procedures [Assignment: organization-defined frequency] and following [Assignment: organization-defined events]",,,
ma-2,MA-2,MA,Controlled maintenance,NIST SP 800-53 Rev. 5.2.0,control,,"A. Schedule, document, and review records of maintenance, repair, and replacement on system components in accordance with manufacturer or vendor specifications and/or organizational requirements
B. Approve and monitor all maintenance activities, whether performed onsite or remotely and whether the system or system components are serviced onsite or removed to another location
C. Require that [Assignment: organization-defined personnel or roles] explicitly approve the removal of the system or system components from organizational facilities for offsite maintenance, repair, or replacement
D. Sanitize equipment to remove the following information from associated media prior to removal from organizational facilities for offsite maintenance, repair, or replacement: [Assignment: organization-defined information]
E. Check all potentially impacted controls to verify that the controls are still functioning properly following maintenance, repair, or replacement actions
F. Include the following information in organizational maintenance records: [Assignment: organization-defined information]",,,
ma-2.1,MA-2(1),MA,Record Content,NIST SP 800-53 Rev. 5.2.0,,withdrawn,,,,
ma-2.2,MA-2(2),MA,Automated maintenance activities,NIST SP 800-53 Rev. 5.2.0,control,,"a. Schedule, conduct, and document maintenance, repair, and replacement actions for the system using [Assignment: organization-defined automated mechanisms]
b. Produce up-to-date, accurate, and complete records of all maintenance, repair, and replacement actions requested, scheduled, in process, and completed",,,
ma-3,MA-3,MA,Maintenance tools,NIST SP 800-53 Rev. 5.2.0,control,,"A. Approve, control, and monitor the use of system maintenance tools
B. Review previously approved system maintenance tools [Assignment: organization-defined frequency]",,,
ma-3.1,MA-3(1),MA,Inspect tools,NIST SP 800-53 Rev. 5.2.0,control,,Inspect the maintenance tools used by maintenance personnel for improper or unauthorized modifications.,,,
ma-3.2,MA-3(2),MA,Inspect media,NIST SP 800-53 Rev. 5.2.0,control,,Check media containing diagnostic and test programs for malicious code before the media is used in the system.,,,
ma-3.3,MA-3(3),MA,Prevent unauthorized removal,NIST SP 800-53 Rev. 5.2.0,control,,"Prevent the unauthorized removal of maintenance equipment containing organizational or personal information by:
a. verifying that no organizational or personal information is contained on the equipment
b. sanitizing or destroying the equipment
c. retaining the equipment within the facility
d. obtaining an exemption from [Assignment: organization-defined personnel or roles] explicitly authorizing removal of the equipment from the facility",,,
ma-3.4,MA-3(4),MA,Restricted tool use,NIST SP 800-53 Rev. 5.2.0,control,,Restrict the use of maintenance tools to authorized personnel only.,,,
ma-3.5,MA-3(5),MA,Execution with privilege,NIST SP 800-53 Rev. 5.2.0,control,,Monitor the use of maintenance tools that execute with increased privilege.,,,
ma-3.6,MA-3(6),MA,Software updates and patches,NIST SP 800-53 Rev. 5.2.0,control,,Inspect maintenance tools to ensure the latest software updates and patches are installed.,,,
ma-4,MA-4,MA,Non-local maintenance,NIST SP 800-53 Rev. 5.2.0,control,,"A. Approve and monitor non-local maintenance and diagnostic activities
B. Allow the use of non-local maintenance and diagnostic tools only as consistent with organizational policy and documented in the security plan for the system
C. Employ strong authentication in the establishment of non-local maintenance and diagnostic sessions
D. Maintain records for non-local maintenance and diagnostic activities
E. Terminate session and network connections when non-local maintenance is completed",,,
ma-4.1,MA-4(1),MA,Logging and review,NIST SP 800-53 Rev. 5.2.0,control,,"a. Log [Assignment: organization-defined audit events] for non-local maintenance and diagnostic sessions
b. Review the audit records of the maintenance and diagnostic sessions to detect anomalous behaviour",,,
ma-4.2,MA-4(2),MA,Document Nonlocal Maintenance,NIST SP 800-53 Rev. 5.2.0,,withdrawn,,,,
ma-4.3,MA-4(3),MA,Comparable security and sanitization,NIST SP 800-53 Rev. 5.2.0,control,,"a. Require that non-local maintenance and diagnostic services be performed from a system that implements a security capability comparable to the capability implemented on the system being serviced
b. Remove the component to be serviced from the system prior to non-local maintenance or diagnostic services; sanitize the component (for organizational information); and, after the service is performed, inspect and sanitize the component (for potentially malicious software) before reconnecting the component to the system",,,
ma-4.4,MA-4(4),MA,Authentication and separation of maintenance sessions,NIST SP 800-53 Rev. 5.2.0,control,,"Protect non-local maintenance sessions by:
a. employing [Assignment: organization-defined authenticators that are replay resistant]
b. separating the maintenance sessions from other network sessions with the system by either
1) physically separated communications paths
2) logically separated communications paths",,,
ma-4.5,MA-4(5),MA,Approvals and notifications,NIST SP 800-53 Rev. 5.2.0,control,,"a. Require the approval of each non-local maintenance session by [Assignment: organization-defined personnel or roles
b. Notify the following personnel or roles of the date and time of planned non-local maintenance: [Assignment: organization-defined personnel or roles].",,,
ma-4.6,MA-4(6),MA,Cryptographic protection,NIST SP 800-53 Rev. 5.2.0,control,,Implement the following cryptographic mechanisms to protect the integrity and confidentiality of non-local maintenance and diagnostic communications: [Assignment: organization-defined cryptographic mechanisms].,,,
ma-4.7,MA-4(7),MA,Disconnect verification,NIST SP 800-53 Rev. 5.2.0,control,,Verify session and network connection termination after the completion of non-local maintenance and diagnostic sessions.,,,
ma-5,MA-5,MA,Maintenance personnel,NIST SP 800-53 Rev. 5.2.0,control,,"A. Establish a process for maintenance personnel authorization and maintain a list of authorized maintenance organizations or personnel
B. Verify that non-escorted personnel performing maintenance on the system possess the required access authorizations
C. Designate organizational personnel with required access authorizations and technical competence to supervise the maintenance activities of personnel who do not possess the required access authorizations",,,
ma-5.1,MA-5(1),MA,Individuals without appropriate access,NIST SP 800-53 Rev. 5.2.0,control,,"a. Implement procedures for the use of maintenance personnel that lack appropriate security clearances, that include the following requirements
1) maintenance personnel who do not have the needed access authorizations, clearances, or formal access approvals are escorted and supervised during the performance of maintenance and diagnostic activities on the system by approved organizational personnel who are fully cleared, have appropriate access authorizations, and are technically qualified
2) prior to initiating maintenance or diagnostic activities by personnel who do not have the needed access authorizations, clearances, or formal access approvals, all volatile information storage components within the system are sanitized and all non-volatile storage media are removed or physically disconnected from the system and secured
   b. Develop and implement [Assignment: organization-defined alternate controls] in the event a system component cannot be sanitized, removed, or disconnected from the system",,,
ma-5.2,MA-5(2),MA,Security clearances for classified systems,NIST SP 800-53 Rev. 5.2.0,control,,"Verify that personnel performing maintenance and diagnostic activities on a system processing, storing, or transmitting classified information possess security clearances and formal access approvals for at least the highest classification level and for compartments of information on the system.",,,
ma-5.3,MA-5(3),MA,Citizenship requirements for classified systems,NIST SP 800-53 Rev. 5.2.0,control,,"Verify that personnel performing maintenance and diagnostic activities on a system processing, storing, or transmitting classified information are Canadian citizens.",,,
ma-5.4,MA-5(4),MA,Foreign nationals,NIST SP 800-53 Rev. 5.2.0,control,,"Ensure that:
a. foreign nationals with appropriate security clearances are used to conduct maintenance and diagnostic activities on classified systems only when the systems are jointly owned and operated by Canadian and foreign allied governments, or owned and operated solely by foreign allied governments
b. approvals, consents, and detailed operational conditions regarding the use of foreign nationals to conduct maintenance and diagnostic activities on classified systems are fully documented within memoranda of agreement",,,
ma-5.5,MA-5(5),MA,Non-system maintenance,NIST SP 800-53 Rev. 5.2.0,control,,"Ensure that non-escorted personnel performing maintenance activities not directly associated with the system, but in the physical proximity of the system, have required access authorizations.",,,
ma-6,MA-6,MA,Timely maintenance,NIST SP 800-53 Rev. 5.2.0,control,,Obtain maintenance support and/or spare parts for [Assignment: organization-defined system components] within [Assignment: organization-defined time period] of failure.,,,
ma-6.1,MA-6(1),MA,Preventive maintenance,NIST SP 800-53 Rev. 5.2.0,control,,Perform preventive maintenance on [Assignment: organization-defined system components] at [Assignment: organization-defined time intervals].,,,
ma-6.2,MA-6(2),MA,Predictive maintenance,NIST SP 800-53 Rev. 5.2.0,control,,Perform predictive maintenance on [Assignment: organization-defined system components] at [Assignment: organization-defined time intervals].,,,
ma-6.3,MA-6(3),MA,Automated support for predictive maintenance,NIST SP 800-53 Rev. 5.2.0,control,,Transfer predictive maintenance data to a maintenance management system using [Assignment: organization-defined automated mechanisms].,,,
ma-7,MA-7,MA,Field maintenance,NIST SP 800-53 Rev. 5.2.0,control,,Restrict or prohibit field maintenance on [Assignment: organization-defined systems or system components] to [Assignment: organization-defined trusted maintenance facilities].,,,
mp-1,MP-1,MP,Media protection policy and procedures,NIST SP 800-53 Rev. 5.2.0,activity,,"A. Develop, document, and disseminate to [Assignment: organization-defined personnel or roles]
1. [Selection (1 or more): Organization-level; Mission/business process-level; System-level] media protection policy that
   a. addresses purpose, scope, roles, responsibilities, management commitment, coordination among organizational entities, and compliance
   b. is consistent with applicable laws, Orders in Council, directives, regulations, policies, standards, and guidelines
2. procedures to facilitate the implementation of the media protection policy and the associated media protection controls
   B. Designate an [Assignment: organization-defined official] to manage the development, documentation, and dissemination of the media protection policy and procedures
   C. Review and update the current media protection
3. policy [Assignment: organization-defined frequency] and following [Assignment: organization-defined events]
4. procedures [Assignment: organization-defined frequency] and following [Assignment: organization-defined events]",,,
mp-2,MP-2,MP,Media access,NIST SP 800-53 Rev. 5.2.0,control,,Restrict access to [Assignment: organization-defined types of digital and/or non-digital media] to [Assignment: organization-defined personnel or roles].,,,
mp-2.1,MP-2(1),MP,Automated Restricted Access,NIST SP 800-53 Rev. 5.2.0,,withdrawn,,,,
mp-2.2,MP-2(2),MP,Cryptographic Protection,NIST SP 800-53 Rev. 5.2.0,,withdrawn,,,,
mp-3,MP-3,MP,Media marking,NIST SP 800-53 Rev. 5.2.0,control,,"A. Mark system media indicating the distribution limitations, handling caveats, and applicable security markings (if any) of the information
B. Exempt [Assignment: organization-defined types of system media] from marking if the media remain within [Assignment: organization-defined controlled areas]",,,
mp-4,MP-4,MP,Media storage,NIST SP 800-53 Rev. 5.2.0,control,,"A. Physically control and securely store [Assignment: organization-defined types of digital and/or non-digital media] within [Assignment: organization-defined controlled areas]
B. Protect system media types defined in MP-04A until the media are destroyed or sanitized using approved equipment, techniques, and procedures",,,
mp-4.1,MP-4(1),MP,Cryptographic Protection,NIST SP 800-53 Rev. 5.2.0,,withdrawn,,,,
mp-4.2,MP-4(2),MP,Automated restricted access,NIST SP 800-53 Rev. 5.2.0,control,,Restrict access to media storage areas and log access attempts and access granted using [Assignment: organization-defined automated mechanisms].,,,
mp-5,MP-5,MP,Media transport,NIST SP 800-53 Rev. 5.2.0,control,,"A. Protect and control [Assignment: organization-defined types of system media] during transport outside of controlled areas using [Assignment: organization-defined controls]
B. Maintain accountability for system media during transport outside of controlled areas
C. Document activities associated with the transport of system media
D. Restrict the activities associated with the transport of system media to authorized personnel",,,
mp-5.1,MP-5(1),MP,Protection Outside of Controlled Areas,NIST SP 800-53 Rev. 5.2.0,,withdrawn,,,,
mp-5.2,MP-5(2),MP,Documentation of Activities,NIST SP 800-53 Rev. 5.2.0,,withdrawn,,,,
mp-5.3,MP-5(3),MP,Custodians,NIST SP 800-53 Rev. 5.2.0,control,,Employ an identified custodian during transport of system media outside of controlled areas.,,,
mp-5.4,MP-5(4),MP,Cryptographic Protection,NIST SP 800-53 Rev. 5.2.0,,withdrawn,,,,
mp-6,MP-6,MP,Media sanitization,NIST SP 800-53 Rev. 5.2.0,control,,"A. Sanitize [Assignment: organization-defined system media] prior to disposal, release out of organizational control, or release for reuse using [Assignment: organization-defined sanitization techniques and procedures]
B. Employ sanitization mechanisms with the strength and integrity commensurate with the security category or classification of the information",,The sanitization requirements for protected and classified information are set by Cyber Centre- and RCMP-endorsed standards. Organizations can refer to the Cyber Centre guidance IT media sanitization (ITSP.40.006) and to the RCMP’s Security Equipment Guide.,
mp-6.1,MP-6(1),MP,"Review, approve, track, document, and verify",NIST SP 800-53 Rev. 5.2.0,control,,"Review, approve, track, document, and verify media sanitization and disposal actions.",,,
mp-6.2,MP-6(2),MP,Equipment testing,NIST SP 800-53 Rev. 5.2.0,control,,Test sanitization equipment and procedures [Assignment: organization-defined frequency] to ensure that the intended sanitization is being achieved.,,,
mp-6.3,MP-6(3),MP,Non-destructive techniques,NIST SP 800-53 Rev. 5.2.0,control,,Apply non-destructive sanitization techniques to portable storage devices prior to connecting such devices to the system under the following circumstances: [Assignment: organization-defined circumstances requiring sanitization of portable storage devices].,,,
mp-6.4,MP-6(4),MP,Controlled Unclassified Information,NIST SP 800-53 Rev. 5.2.0,,withdrawn,,,,
mp-6.5,MP-6(5),MP,Classified Information,NIST SP 800-53 Rev. 5.2.0,,withdrawn,,,,
mp-6.6,MP-6(6),MP,Media Destruction,NIST SP 800-53 Rev. 5.2.0,,withdrawn,,,,
mp-6.7,MP-6(7),MP,Dual authorization,NIST SP 800-53 Rev. 5.2.0,control,,Enforce dual authorization for the sanitization of [Assignment: organization-defined system media].,,,
mp-6.8,MP-6(8),MP,Remote purging or wiping of information,NIST SP 800-53 Rev. 5.2.0,control,,Provide the capability to purge or wipe information from [Assignment: organization-defined systems or system components] [Selection (1): remotely; under the following conditions: [Assignment: organization-defined conditions]].,,,
mp-7,MP-7,MP,Media use,NIST SP 800-53 Rev. 5.2.0,control,,"A. [Selection (1): Restrict; Prohibit] the use of [Assignment: organization-defined types of system media] on [Assignment: organization-defined systems or system components] using [Assignment: organization-defined controls]
B. Prohibit the use of portable storage devices in organizational systems when such devices have no identifiable owner",,,
mp-7.1,MP-7(1),MP,Prohibit Use Without Owner,NIST SP 800-53 Rev. 5.2.0,,withdrawn,,,,
mp-7.2,MP-7(2),MP,Prohibit use of sanitization-resistant media,NIST SP 800-53 Rev. 5.2.0,control,,Prohibit the use of sanitization-resistant media in organizational systems.,,,
mp-8,MP-8,MP,Media downgrading,NIST SP 800-53 Rev. 5.2.0,control,,"A. Establish [Assignment: organization-defined system media downgrading process] that includes employing downgrading mechanisms with strength and integrity commensurate with the security category or classification of the information
B. Verify that the system media downgrading process is commensurate with the security category and/or classification level of the information to be removed and the access authorizations of the potential recipients of the downgraded information
C. Identify [Assignment: organization-defined system media requiring downgrading]
D. Downgrade the identified system media using the established process",,,
mp-8.1,MP-8(1),MP,Documentation of process,NIST SP 800-53 Rev. 5.2.0,control,,Document system media downgrading actions.,,,
mp-8.2,MP-8(2),MP,Equipment testing,NIST SP 800-53 Rev. 5.2.0,control,,Test downgrading equipment and procedures [Assignment: organization-defined frequency] to ensure that downgrading actions are being achieved.,,,
mp-8.3,MP-8(3),MP,Protected information,NIST SP 800-53 Rev. 5.2.0,control,,Downgrade system media containing protected information prior to public release.,,"The downgrading of protected information uses approved sanitization tools, techniques, and procedures.",
mp-8.4,MP-8(4),MP,Classified information,NIST SP 800-53 Rev. 5.2.0,control,,Downgrade system media containing classified information prior to release to individuals without required access authorizations.,,"Downgrading of classified information uses approved sanitization tools, techniques, and procedures to transfer information confirmed to be unclassified from classified systems to unclassified media.",
pe-1,PE-1,PE,Physical and environmental protection policy and procedures,NIST SP 800-53 Rev. 5.2.0,activity,,"A. Develop, document, and disseminate to [Assignment: organization-defined personnel or roles]
1. [Selection (1 or more): Organization-level; Mission/business process-level; System-level] physical and environmental protection policy that
   a. addresses purpose, scope, roles, responsibilities, management commitment, coordination among organizational entities, and compliance
   b. is consistent with applicable laws, Orders in Council, directives, regulations, policies, standards, and guidelines
2. procedures to facilitate the implementation of the physical and environmental protection policy and the associated physical and environmental protection controls
   B. Designate an [Assignment: organization-defined official] to manage the development, documentation, and dissemination of the physical and environmental protection policy and procedures
   C. Review and update the current physical and environmental protection
3. policy [Assignment: organization-defined frequency] and following [Assignment: organization-defined events]
4. procedures [Assignment: organization-defined frequency] and following [Assignment: organization-defined events]",,,
pe-2,PE-2,PE,Physical access authorizations,NIST SP 800-53 Rev. 5.2.0,control,,"A. Develop, approve, and maintain a list of individuals with authorized access to the facility where the system resides
B. Issue authorization credentials for facility access
C. Review the access list detailing authorized facility access by individuals [Assignment: organization-defined frequency]
D. Remove individuals from the facility access list when access is no longer required",,,
pe-2.1,PE-2(1),PE,Access by position or role,NIST SP 800-53 Rev. 5.2.0,control,,Authorize physical access to the facility where the system resides based on position or role.,,,
pe-2.2,PE-2(2),PE,Two forms of identification,NIST SP 800-53 Rev. 5.2.0,control,,Require 2 forms of identification from the following forms of identification for visitor access to the facility where the system resides: [Assignment: organization-defined list of acceptable forms of identification].,,,
pe-2.3,PE-2(3),PE,Restrict unescorted access,NIST SP 800-53 Rev. 5.2.0,control,,Restrict unescorted access to the facility where the system resides to personnel with [Selection (1 or more): security clearances for all information contained within the system; formal access authorizations for all information contained within the system; need for access to all information contained within the system; [Assignment: organization-defined physical access authorizations]].,,,
pe-2.400,PE-2(400),PE,Identification card requirements,CCCS,control,,Ensure identification cards meet requirements prior to issuance.,,"The organization issues an identification card to all personnel, which as a minimum includes the name of the organization, the bearer’s name and photo, a unique card number, and an expiry date. Identification cards may contain personal information and should be protected accordingly.",
pe-3,PE-3,PE,Physical access control,NIST SP 800-53 Rev. 5.2.0,control,,"A. Enforce physical access authorizations at [Assignment: organization-defined entry and exit points to the facility where the system resides] by
1. verifying individual access authorizations before granting access to the facility
2. controlling ingress and egress to the facility using [Selection (1 or more): [Assignment: organization-defined physical access control systems or devices]; guards]
   B. Maintain physical access audit logs for [Assignment: organization-defined entry or exit points]
   C. Control access to areas within the facility designated as publicly accessible by implementing the following controls: [Assignment: organization-defined physical access controls]
   D. Escort visitors and control visitor activity [Assignment: organization-defined circumstances requiring visitor escorts and control of visitor activity]
   E. Secure keys, access cards, combinations, safes, cipher locks, and other physical access devices
   F. Inventory [Assignment: organization-defined physical access devices] every [Assignment: organization-defined frequency]
   G. Change combinations and keys [Assignment: organization-defined frequency] and/or when keys are lost, or combinations are compromised, or when individuals possessing the keys or combinations are transferred or terminated
   AA. Remove the access card identifier from the access list or database [Assignment: organization-defined frequency] when the access card is lost, misplaced, stolen, or when the individual possessing the card is transferred or terminated",,,
pe-3.1,PE-3(1),PE,System access,NIST SP 800-53 Rev. 5.2.0,control,,Enforce physical access authorizations to the system in addition to the physical access controls for the facility at [Assignment: organization-defined physical spaces containing one or more components of the system].,,,
pe-3.2,PE-3(2),PE,Facility and systems,NIST SP 800-53 Rev. 5.2.0,control,,Perform security checks [Assignment: organization-defined frequency] at the physical perimeter of the facility or system for exfiltration of information or removal of system components.,,,
pe-3.3,PE-3(3),PE,Continuous guards,NIST SP 800-53 Rev. 5.2.0,control,,"Employ guards to control [Assignment: organization-defined physical access points] to the facility where the system resides 24 hours per day, 7 days per week.",,,
pe-3.4,PE-3(4),PE,Lockable casings,NIST SP 800-53 Rev. 5.2.0,control,,Use lockable physical casings to protect [Assignment: organization-defined system components] from unauthorized physical access.,,,
pe-3.5,PE-3(5),PE,Tamper protection,NIST SP 800-53 Rev. 5.2.0,control,,Employ [Assignment: organization-defined anti-tamper technologies] to [Selection (1 or more): detect; prevent] physical tampering or alteration of [Assignment: organization-defined hardware components] within the system.,,,
pe-3.6,PE-3(6),PE,Facility Penetration Testing,NIST SP 800-53 Rev. 5.2.0,,withdrawn,,,,
pe-3.7,PE-3(7),PE,Physical barriers,NIST SP 800-53 Rev. 5.2.0,control,,Limit access using physical barriers.,,,
pe-3.8,PE-3(8),PE,Access control vestibules,NIST SP 800-53 Rev. 5.2.0,control,,Employ access control vestibules at [Assignment: organization-defined locations within the facility].,,,
pe-3.400,PE-3(400),PE,Security inspections,CCCS,control,,"Conduct security inspections in facilities where sensitive or valuable information or assets are handled or stored, or in facilities supporting critical services or activities.",,"Security inspections are conducted to verify compliance with departmental security practices. They must be conducted by authorized personnel and in accordance with defined processes and timelines. In emergency or heightened threat situations, the frequency or depth of security inspections is increased to achieve a higher readiness level. Non-compliance shall be reported in accordance with defined processes to enable the implementation of corrective actions and, when applicable, to report to the responsible authorities.",
pe-4,PE-4,PE,Access control for transmission,NIST SP 800-53 Rev. 5.2.0,control,,Control physical access to [Assignment: organization-defined system distribution and transmission lines] within organizational facilities using [Assignment: organization-defined security controls].,,,
pe-5,PE-5,PE,Access control for output devices,NIST SP 800-53 Rev. 5.2.0,control,,Control physical access to output from [Assignment: organization-defined output devices] to prevent unauthorized individuals from obtaining the output.,,,
pe-5.1,PE-5(1),PE,Access to Output by Authorized Individuals,NIST SP 800-53 Rev. 5.2.0,,withdrawn,,,,
pe-5.2,PE-5(2),PE,Link to individual identity,NIST SP 800-53 Rev. 5.2.0,control,,Link individual identity to receipt of output from output devices.,,,
pe-5.3,PE-5(3),PE,Marking Output Devices,NIST SP 800-53 Rev. 5.2.0,,withdrawn,,,,
pe-6,PE-6,PE,Monitoring physical access,NIST SP 800-53 Rev. 5.2.0,control,,"A. Monitor physical access to the facility where the system resides to detect and respond to physical security incidents
B. Review physical access logs [Assignment: organization-defined frequency] and upon occurrence of [Assignment: organization-defined events or potential indications of events]
C. Coordinate results of reviews and investigations with the organizational incident response capability",,,
pe-6.1,PE-6(1),PE,Intrusion alarms and surveillance equipment,NIST SP 800-53 Rev. 5.2.0,control,,Monitor physical access to the facility where the system resides using physical intrusion alarms and surveillance equipment.,,,
pe-6.2,PE-6(2),PE,Automated intrusion recognition and response,NIST SP 800-53 Rev. 5.2.0,control,,Recognize [Assignment: organization-defined classes or types of intrusions] and initiate [Assignment: organization-defined response actions] using [Assignment: organization-defined automated mechanisms].,,,
pe-6.3,PE-6(3),PE,Video surveillance,NIST SP 800-53 Rev. 5.2.0,control,,"a. Employ video surveillance of [Assignment: organization-defined operational areas]
b. Review video recordings [Assignment: organization-defined frequency]
c. Retain video recordings for [Assignment: organization-defined time period]",,,
pe-6.4,PE-6(4),PE,Monitoring physical access to systems,NIST SP 800-53 Rev. 5.2.0,control,,Monitor physical access to the system in addition to the physical access monitoring of the facility at [Assignment: organization-defined physical spaces containing one or more components of the system].,,,
pe-7,PE-7,PE,Visitor Control,NIST SP 800-53 Rev. 5.2.0,,withdrawn,,,,
pe-8,PE-8,PE,Visitor access records,NIST SP 800-53 Rev. 5.2.0,control,,"A. Maintain visitor access records to the facility where the system resides for [Assignment: organization-defined time period].
B. Review visitor access records [Assignment: organization-defined frequency].
C. Report anomalies in visitor access records to [Assignment: organization-defined personnel].",,"Where appropriate, access records can include the entry and exit of specific facilities, zones, or sensitive areas. These activities are recorded in accordance with departmental security practices and with records retention and disposition schedules.",
pe-8.1,PE-8(1),PE,Automated records maintenance and review,NIST SP 800-53 Rev. 5.2.0,control,,Maintain and review visitor access records using [Assignment: organization-defined automated mechanisms].,,,
pe-8.2,PE-8(2),PE,Physical Access Records,NIST SP 800-53 Rev. 5.2.0,,withdrawn,,,,
pe-8.3,PE-8(3),PE,Limit personal information elements,NIST SP 800-53 Rev. 5.2.0,control,,Limit personal information contained in visitor access records to the following elements identified in the privacy risk assessment: [Assignment: organization-defined elements].,,,
pe-9,PE-9,PE,Power equipment and cabling,NIST SP 800-53 Rev. 5.2.0,control,,Protect power equipment and power cabling for the system from damage and destruction.,,,
pe-9.1,PE-9(1),PE,Redundant cabling,NIST SP 800-53 Rev. 5.2.0,control,,Employ redundant power cabling paths that are physically separated by [Assignment: organization-defined distance].,,,
pe-9.2,PE-9(2),PE,Automatic voltage controls,NIST SP 800-53 Rev. 5.2.0,control,,Employ automatic voltage controls for [Assignment: organization-defined critical system components].,,,
pe-10,PE-10,PE,Emergency shutoff,NIST SP 800-53 Rev. 5.2.0,control,,"A. Provide the capability of shutting off power to [Assignment: organization-defined system or individual system components] in emergency situations
B. Place emergency shutoff switches or devices in [Assignment: organization-defined location by system or system component] to facilitate access for authorized personnel
C. Protect emergency power shutoff capability from unauthorized activation",,,
pe-10.1,PE-10(1),PE,Accidental and Unauthorized Activation,NIST SP 800-53 Rev. 5.2.0,,withdrawn,,,,
pe-11,PE-11,PE,Emergency power,NIST SP 800-53 Rev. 5.2.0,control,,Provide an uninterruptible power supply to facilitate [Selection (1 or more): an orderly shutdown of the system; transition of the system to long-term alternate power] in the event of a primary power source loss.,,,
pe-11.1,PE-11(1),PE,Alternate power supply — minimal operational capability,NIST SP 800-53 Rev. 5.2.0,control,,Provide an alternate power supply for the system that is activated [Selection (1): manually; automatically] and that can maintain minimally required operational capability in the event of an extended loss of the primary power source.,,,
pe-11.2,PE-11(2),PE,Alternate power supply — self-contained,NIST SP 800-53 Rev. 5.2.0,control,,"Provide an alternate power supply for the system that is activated [Selection (1): manually; automatically] and that is:
a. self-contained
b. not reliant on external power generation
c. capable of maintaining [Selection (1): minimally required operational capability; full operational capability] in the event of an extended loss of the primary power source",,,
pe-12,PE-12,PE,Emergency lighting,NIST SP 800-53 Rev. 5.2.0,control,,Employ and maintain automatic emergency lighting for the system that activates in the event of a power outage or disruption and that covers emergency exits and evacuation routes within the facility.,,,
pe-12.1,PE-12(1),PE,Essential mission and business functions,NIST SP 800-53 Rev. 5.2.0,control,,Provide emergency lighting for all areas within the facility supporting essential mission and business functions.,,,
pe-13,PE-13,PE,Fire protection,NIST SP 800-53 Rev. 5.2.0,control,,Employ and maintain fire detection and suppression systems that are supported by an independent energy source.,,,
pe-13.1,PE-13(1),PE,Detection systems — automatic activation and notification,NIST SP 800-53 Rev. 5.2.0,control,,Employ fire detection systems that activate automatically and notify [Assignment: organization-defined personnel or roles] and [Assignment: organization-defined emergency responders] in the event of a fire.,,,
pe-13.2,PE-13(2),PE,Suppression systems — automatic activation and notification,NIST SP 800-53 Rev. 5.2.0,control,,"a. Employ fire suppression systems that activate automatically and notify [Assignment: organization-defined personnel or roles] and [Assignment: organization-defined emergency responders]
b. Employ an automatic fire suppression capability when the facility is not staffed on a continuous basis",,,
pe-13.3,PE-13(3),PE,Automatic Fire Suppression,NIST SP 800-53 Rev. 5.2.0,,withdrawn,,,,
pe-13.4,PE-13(4),PE,Inspections,NIST SP 800-53 Rev. 5.2.0,control,,Ensure that the facility undergoes [Assignment: organization-defined frequency] fire protection inspections by authorized and qualified inspectors and that identified deficiencies are resolved within [Assignment: organization-defined time period].,,,
pe-13.400,PE-13(400),PE,Emergency services,CCCS,control,,Ensure that firefighting water capacity and effective response times of emergency services are considered when developing safeguarding strategies.,,,
pe-14,PE-14,PE,Environmental controls,NIST SP 800-53 Rev. 5.2.0,control,,"A. Maintain [Selection (1 or more): temperature; humidity; pressure; radiation; [Assignment: organization-defined environmental control]] levels within the facility where the system resides at [Assignment: organization-defined acceptable levels]
B. Monitor environmental control levels [Assignment: organization-defined frequency]",,,
pe-14.1,PE-14(1),PE,Automatic controls,NIST SP 800-53 Rev. 5.2.0,control,,Employ the following automatic environmental controls in the facility to prevent potentially harmful fluctuations to the system: [Assignment: organization-defined automatic environmental controls].,,,
pe-14.2,PE-14(2),PE,Monitoring with alarms and notifications,NIST SP 800-53 Rev. 5.2.0,control,,Employ environmental control monitoring that provides an alarm or notification of changes potentially harmful to personnel or equipment to [Assignment: organization-defined personnel or roles].,,,
pe-15,PE-15,PE,Water damage protection,NIST SP 800-53 Rev. 5.2.0,control,,"Protect the system from damage resulting from water leakage by providing master shutoff or isolation valves that are accessible, working properly, and known to key personnel.",,,
pe-15.1,PE-15(1),PE,Automation support,NIST SP 800-53 Rev. 5.2.0,control,,Detect the presence of water near the system and alert [Assignment: organization-defined personnel or roles] using [Assignment: organization-defined automated mechanisms].,,,
pe-16,PE-16,PE,Delivery and removal,NIST SP 800-53 Rev. 5.2.0,control,,"A. Authorize and control [Assignment: organization-defined types of system components] entering and exiting the facility
B. Maintain records of the system components",,,
pe-17,PE-17,PE,Alternate work site,NIST SP 800-53 Rev. 5.2.0,control,,"A. Determine and document the [Assignment: organization-defined alternate work sites] allowed for use by employees
B. Employ the following controls at alternate work sites: [Assignment: organization-defined controls]
C. Assess the effectiveness of controls at alternate work sites
D. Provide a means for employees to communicate with information security and privacy personnel in case of incidents",,,
pe-18,PE-18,PE,Location of system components,NIST SP 800-53 Rev. 5.2.0,control,,Position system components within the facility to minimize potential damage from [Assignment: organization-defined physical and environmental hazards] and to minimize the opportunity for unauthorized access.,,,
pe-18.1,PE-18(1),PE,Facility Site,NIST SP 800-53 Rev. 5.2.0,,withdrawn,,,,
pe-19,PE-19,PE,Information leakage,NIST SP 800-53 Rev. 5.2.0,control,,Protect the system from information leakage due to electromagnetic signals emanations.,,,
pe-19.1,PE-19(1),PE,National emissions policies and procedures,NIST SP 800-53 Rev. 5.2.0,control,,"Protect system components, associated data communications, and networks in accordance with national emissions security (EMSEC) policies and procedures based on the security category or classification of the information.",,,
pe-20,PE-20,PE,Asset monitoring and tracking,NIST SP 800-53 Rev. 5.2.0,control,,Employ [Assignment: organization-defined asset location technologies] to track and monitor the location and movement of [Assignment: organization-defined assets] within [Assignment: organization-defined controlled areas].,,"Location tracking of GC employees using GC assets in the exercise of their duties is not considered personal information. While this information may be sensitive, protected, or classified depending on the nature of their duties, it would not be considered personal information if it was created while the employee was exercising their official duties. In the case where an employee decides to use their GC asset (e.g., vehicle, cell phone) for personal purposes, it might be considered personal information, but also an inappropriate use of GC assets. In all cases, a notice given to employees that their GC assets are being tracked and monitored would mitigate privacy concerns regarding the creation of personal information associated with an improper use of such assets.",
pe-21,PE-21,PE,Electromagnetic pulse protection,NIST SP 800-53 Rev. 5.2.0,control,,Employ [Assignment: organization-defined protective measures] against electromagnetic pulse (EMP) damage for [Assignment: organization-defined systems and system components].,,,
pe-22,PE-22,PE,Component marking,NIST SP 800-53 Rev. 5.2.0,control,,"Mark [Assignment: organization-defined system hardware components] indicating the impact level or classification level of the information permitted to be processed, stored, or transmitted by the hardware component.",,,
pe-23,PE-23,PE,Facility location,NIST SP 800-53 Rev. 5.2.0,control,,"A. Plan the location or site of the facility where the system resides considering physical and environmental hazards
B. For existing facilities, consider the physical and environmental hazards in the organizational risk management strategy",,,
pe-400,PE-400,PE,Remote and telework environments,CCCS,control,,"A. Assess physical security of remote or telework environments
B. Apply appropriate protection and storage requirements for information and assets
C. Use approved security equipment and electronic devices in accordance with the categorization of material",,"Security considerations should be addressed in remote or telework locations for GC departments, agencies and employees. Remote/telework can increase the likelihood of compromise of an organization’s sensitive information. Information can be targeted by threat actors through different methods such as physical access to information and devices, theft of information or devices, eavesdropping during meetings and telephone conversations, and overviewing of information and devices.

When working in a location other than the designated work site, employees should assess physical security and apply appropriate protection and storage requirements for GC information and assets. A risk assessment needs to be completed for all remote and telework situations and associated work solutions.

Protected A and B material may be processed and stored at remote and telework locations outside a designated GC workplace when physical protections are employed. The processing of Secret and Top Secret (TS) information originating from allies is only permitted in the appropriate zone of a designated GC security zone. TS Sensitive compartmented information (SCI) cannot be processed, stored, or discussed in a telework environment. It is recommended to prevent or limit the use of hard-copy material as much as practicable.

Employees should be provided equipment that supports and promotes secure processing, storage, and transport of GC information. Employees should complete appropriate security awareness training as a condition to being granted their remote/telework request. Appropriate security controls need to be available and in place.

Tracking data for employees on remote/telework agreements should be maintained and should include the names, locations, issued equipment, and assets, as well as registries of information taken to the remote/telework location, when appropriate. Employees are responsible for understanding and implementing all remote/telework security control measures that contribute to the secure processing of GC information at their location.",
pe-400.1,PE-400(1),PE,Physical information and assets storage,CCCS,control,,Store physical information and assets in accordance with RCMP guidance and departmentally established security practices.,,"Effort should be made to limit the need to process or store hard-copy documents of any categorization in locations outside a GC controlled facility. The RCMP does not recommend that Confidential and Secret information or assets be processed in remote/telework environments, but in cases where it cannot be avoided, requirements set out in the RCMP G1-001 Security Equipment Guide should be followed.

The processing and storage of Protected C or Top Secret information outside approved GC facilities is considered an extremely high risk and is not recommended by the RCMP. If unavoidable, departmental physical security shall perform a full site security assessment, including a complete Threat and Risk Assessment (TRA). All security controls required for High Secure Zones in GC facilities should be used as a minimum standard for location fit-up.",
pe-400.2,PE-400(2),PE,International remote/telework,CCCS,control,,Allow requests for remote/telework from international locations only under exceptional circumstances.,,"This enhancement does not apply to already assigned positions of employees working abroad as part of their regular operational duties, such as those attached to Canadian Embassies and High Commissions or military deployments. The RCMP does not recommend allowing remote/telework from international locations. Departments that may allow international remote/telework should develop a process with considerations given for all security controls, risk assessments, approvals, and briefings.

Requests for international remote/telework should only be considered under exceptional circumstances; be limited to a specific defined period of time; require a complete TRA for the employee, country, and city of work; and require additional approval from Deputy Head, department Chief Security Officer (CSO), Chief Human Resources Officer (CHRO) and Chief Information Officer (CIO) as well as Shared Services Canada (SSC).

International remote/telework carries increased security risks for the individual and the GC, since the Vienna Convention on Diplomatic Relations (1963) would not apply to those GC employees. As such, these employees are subject to all local and state laws and are not afforded diplomatic protections for information, assets, or property, including GC information and assets. Additionally, it carries increased physical security risks, and, in some countries, physical security controls may be cost prohibitive or difficult to maintain without a departmental security presence.",
pe-401,PE-401,PE,Security operations centre,CCCS,control,,"Establish and maintain a Security Operations Centre (SOC) to protect the organization’s people, property, assets, and information, through physical and technical surveillance and monitoring.",,,
pl-1,PL-1,PL,Planning policy and procedures,NIST SP 800-53 Rev. 5.2.0,activity,,"A. Develop, document, and disseminate to [Assignment: organization-defined personnel or roles]
1. [Selection (1 or more): Organization-level; Mission/business process-level; System-level] planning policy that
   a. addresses purpose, scope, roles, responsibilities, management commitment, coordination among organizational entities, and compliance
   b. is consistent with applicable laws, jurisprudence, Orders in Council, directives, regulations, policies, standards, and guidelines
2. procedures to facilitate the implementation of the planning policy and the associated planning controls
   B. Designate an [Assignment: organization-defined official] to manage the development, documentation, and dissemination of the planning policy and procedures
   C. Review and update the current planning
3. policy [Assignment: organization-defined frequency] and following [Assignment: organization-defined events]
4. procedures [Assignment: organization-defined frequency] and following [Assignment: organization-defined events]",,,
pl-2,PL-2,PL,System security and privacy plans,NIST SP 800-53 Rev. 5.2.0,activity,,"A. Develop security and privacy plans for the system that
1. are consistent with the organization’s enterprise architecture
2. explicitly define the constituent system components
3. describe the operational context of the system in terms of mission and business processes
4. identify the individuals that fulfill system roles and responsibilities
5. identify the information types processed, stored, and transmitted by the system
6. provide the security categorization of the system, including supporting rationale
7. describe any specific threats to the system that are of concern to the organization
8. provide the results of a privacy risk assessment for systems handling personal information
9. describe the operational environment for the system and any dependencies on or connections to other systems or system components
10. provide an overview of the security and privacy requirements for the system
11. identify any relevant control baselines or overlays, if applicable
12. describe the controls in place or planned for meeting the security and privacy requirements, including a rationale for any tailoring decisions
13. include risk determinations for security and privacy architecture and design decisions
14. include security- and privacy-related activities affecting the system that require planning and coordination with [Assignment: organization-defined individuals or groups]
15. are reviewed and approved by the authorizing official or designated representative prior to plan implementation 400. document the business purposes for the processing of personal information 401. define retention and disposition standards for personal information stored within the system
    B. Distribute copies of the plans and communicate subsequent changes to the plans to [Assignment: organization-defined personnel or roles]
    C. Review the plans [Assignment: organization-defined frequency]
    D. Update the plans to address changes to the system and environment of operation or problems identified during plan implementation or control assessments
    E. Protect the plans from unauthorized disclosure and modification",,,
pl-2.1,PL-2(1),PL,Concept of Operations,NIST SP 800-53 Rev. 5.2.0,,withdrawn,,,,
pl-2.2,PL-2(2),PL,Functional Architecture,NIST SP 800-53 Rev. 5.2.0,,withdrawn,,,,
pl-2.3,PL-2(3),PL,Plan and Coordinate with Other Organizational Entities,NIST SP 800-53 Rev. 5.2.0,,withdrawn,,,,
pl-3,PL-3,PL,System Security Plan Update,NIST SP 800-53 Rev. 5.2.0,,withdrawn,,,,
pl-4,PL-4,PL,Rules of behaviour,NIST SP 800-53 Rev. 5.2.0,activity,,"A. Establish and provide to individuals requiring access to the system the rules that describe their responsibilities and expected behaviour for information and system usage, security, and privacy
B. Receive a documented acknowledgment from such individuals, indicating that they have read, understand, and agree to abide by the rules of behaviour, before authorizing access to information and the system
C. Review and update the rules of behaviour [Assignment: organization-defined frequency]
D. Require individuals who have acknowledged a previous version of the rules of behaviour to read and re-acknowledge [Selection (1 or more): [Assignment: organization-defined frequency]; when the rules are revised or updated]",,The expectations for rules of behaviour for external system users or recipients of information contained within governmental systems can be captured in an information sharing agreement or arrangement.,
pl-4.1,PL-4(1),PL,Social media and external site/application usage restrictions,NIST SP 800-53 Rev. 5.2.0,activity,,"Include in the rules of behaviour restrictions on:
a. use of social media, social networking sites, and external sites/applications
b. posting organizational information on public websites
c. use of organization-provided identifiers (e.g., email addresses) and authentication secrets (e.g., passwords) for creating accounts on external sites/applications",,,
pl-5,PL-5,PL,Privacy Impact Assessment,NIST SP 800-53 Rev. 5.2.0,,withdrawn,,,,
pl-6,PL-6,PL,Security-related Activity Planning,NIST SP 800-53 Rev. 5.2.0,,withdrawn,,,,
pl-7,PL-7,PL,Concept of operations,NIST SP 800-53 Rev. 5.2.0,activity,,"A. Develop a Concept of Operations (CONOPS) for the system describing how the organization intends to operate the system from the perspective of information security and privacy
B. Review and update the CONOPS [Assignment: organization-defined frequency]",,,
pl-8,PL-8,PL,Security and privacy architecture,NIST SP 800-53 Rev. 5.2.0,activity,,"A. Develop security and privacy architectures for the system that describe
1. the requirements and approach to be taken for protecting the confidentiality, integrity, and availability of organizational information
2. the requirements and approach to be taken for handling personal information to minimize any privacy risk to individuals
3. how the architectures are integrated into and support the enterprise architecture
4. any assumptions about, and dependencies on, external systems and services
   B. Review and update the architectures [Assignment: organization-defined frequency] to reflect changes in the enterprise architecture
   C. Reflect planned architecture changes in security and privacy plans, CONOPS, criticality analysis, organizational procedures, and procurements and acquisitions",,,
pl-8.1,PL-8(1),PL,Defence in depth,NIST SP 800-53 Rev. 5.2.0,activity,,"Design the security and privacy architectures for the system using a defence-in-depth approach that:
a. allocates [Assignment: organization-defined controls] to [Assignment: organization-defined locations and architectural layers]
b. ensures that the allocated controls operate in a coordinated and mutually reinforcing manner",,,
pl-8.2,PL-8(2),PL,Supplier diversity,NIST SP 800-53 Rev. 5.2.0,activity,,Require that [Assignment: organization-defined controls] allocated to [Assignment: organization-defined locations and architectural layers] are obtained from different suppliers.,,,
pl-9,PL-9,PL,Central management,NIST SP 800-53 Rev. 5.2.0,control,,Centrally manage [Assignment: organization-defined controls and related processes].,,,
pl-10,PL-10,PL,Baseline selection,NIST SP 800-53 Rev. 5.2.0,activity,,Select a control baseline for the system.,,"The control baselines in Security and privacy controls and assurance activities catalogue – Baseline profiles (ITSP.10.033-01) are compliant with TBS policies, directives, standards, and guidelines. For guidance on control baselines for national security systems, contact contact@cyber.gc.ca.",
pl-11,PL-11,PL,Baseline tailoring,NIST SP 800-53 Rev. 5.2.0,activity,,Tailor the selected control baseline by applying specified tailoring actions.,,,
pm-1,PM-1,PM,Information security program plan,NIST SP 800-53 Rev. 5.2.0,activity,,"A. Develop and disseminate an organization-wide information security program plan that
1. provides an overview of the requirements for the security program and a description of the security program management controls and common controls in place or planned for meeting those requirements
2. includes the identification and assignment of roles, responsibilities, management commitment, coordination among organizational entities, and compliance
3. reflects the coordination among organizational entities responsible for information security
4. is approved by a senior official with responsibility and accountability for the risk being incurred to organizational operations (including mission, functions, image, and reputation), organizational assets, individuals, other organizations, and Canada
   B. Review and update the organization-wide information security program plan [Assignment: organization-defined frequency] and following [Assignment: organization-defined events]
   C. Protect the information security program plan from unauthorized disclosure and modification",,,
pm-2,PM-2,PM,Information security program leadership role,NIST SP 800-53 Rev. 5.2.0,control,,"Appoint a senior official in the department’s security governance with the mission and resources to coordinate, develop, implement, and maintain an organization-wide information security program.",,,
pm-3,PM-3,PM,Information security and privacy resources,NIST SP 800-53 Rev. 5.2.0,control,,"A. Include the resources needed to implement the information security and privacy programs in capital planning and investment requests and document all exceptions to this requirement
B. Prepare documentation required for addressing information security and privacy programs in capital planning and investment requests in accordance with applicable laws, Orders in Council, directives, policies, regulations, standards
C. Make the planned information security and privacy resources available for expenditure",,,
pm-4,PM-4,PM,Plan of action and milestones process,NIST SP 800-53 Rev. 5.2.0,activity,,"A. Implement a process to ensure that plans of action and milestones for the information security, privacy, and supply chain risk management programs and associated organizational systems
1. are developed and maintained
2. document the remedial information security, privacy, and supply chain risk management actions to adequately respond to risk to organizational operations and assets, individuals, other organizations, and Canada
3. are reported in accordance with established reporting requirements
   B. Review plans of action and milestones for consistency with the organizational risk management strategy and organization-wide priorities for risk response actions",,The plan of action and milestones is a key organizational document and is subject to reporting requirements established by the TBS.,
pm-5,PM-5,PM,System and program inventory,NIST SP 800-53 Rev. 5.2.0,control,,Develop and update [Assignment: organization-defined frequency] an inventory of organizational systems and programs.,,,
pm-5.1,PM-5(1),PM,Inventory of personal information,NIST SP 800-53 Rev. 5.2.0,control,,"Establish, maintain, and update [Assignment: organization-defined frequency] an inventory of all systems, programs, applications, and projects that process personal information.",,"For GC organizations, personal information intended to be used to make administrative decisions should also be reflected in PIBs. These PIBs can be either institution-specific or standard and should comprehensively reflect every element of personal information. PIBs will also describe the legislative authority for the collection, permissible uses and disclosures of the information, and the retention and disposition standards. They may also describe requirements for individuals who are seeking access to their personal information.",
pm-6,PM-6,PM,Measures of performance,NIST SP 800-53 Rev. 5.2.0,activity,,"Develop, monitor, and report on the results of information security and privacy measures of performance.",,,
pm-7,PM-7,PM,Enterprise architecture,NIST SP 800-53 Rev. 5.2.0,activity,,"Develop and maintain an enterprise architecture with consideration for information security, privacy, and the resulting risk to organizational operations and assets, individuals, other organizations, and Canada.",,"For GC departments and agencies, security and privacy requirements and control integration are most effectively accomplished by rigorously applying, to the departmental architecture, the Cyber Security and Privacy Risk Management: A Lifecycle Approach series, together with the supporting privacy policy suite requirements issued by TBS and considering the requirements set by legislation, regulations, and jurisprudence.",
pm-7.1,PM-7(1),PM,Offloading,NIST SP 800-53 Rev. 5.2.0,activity,,"Offload [Assignment: organization-defined non-essential functions or services] to other systems, system components, or an external provider.",,,
pm-8,PM-8,PM,Critical infrastructure plan,NIST SP 800-53 Rev. 5.2.0,activity,,"Address information security and privacy issues in the development, documentation, and updating of a critical infrastructure and key resources protection plan.",,,
pm-9,PM-9,PM,Risk management strategy,NIST SP 800-53 Rev. 5.2.0,activity,,"A. Develop a comprehensive strategy to manage the
1. security risks to organizational operations and assets, individuals, other organizations, and Canada associated with the operation and use of organizational systems
2. privacy risks to individuals resulting from the authorized handling of personal information
   B. Implement the risk management strategy consistently across the organization
   C. Review and update the risk management strategy [Assignment: organization-defined frequency] or as required, to address organizational changes",,,
pm-10,PM-10,PM,Authorization process,NIST SP 800-53 Rev. 5.2.0,control,,"A. Manage the security and privacy state of organizational systems and the environments in which those systems operate through authorization processes
B. Designate individuals to fulfill specific roles and responsibilities within the organizational risk management process
C. Integrate the authorization processes into an organization-wide risk management program",,,
pm-11,PM-11,PM,Mission and business process definition,NIST SP 800-53 Rev. 5.2.0,activity,,"A. Define organizational mission and business processes with consideration for information security and privacy protection and the resulting risk to organizational operations, organizational assets, individuals, other organizations, and Canada
B. Determine information protection and personal information handling needs arising from the defined mission and business processes
C. Review and revise the mission and business processes [Assignment: organization-defined frequency]",,,
pm-12,PM-12,PM,Insider threat program,NIST SP 800-53 Rev. 5.2.0,control,,Implement an insider threat program that includes a cross-discipline insider threat incident handling team.,,"In addition, there are specific notice requirements when monitoring GC electronic networks and devices. These additional requirements are reflected in the Policy, Directive and Guidelines on Service and Digital.",
pm-13,PM-13,PM,Security and privacy workforce,NIST SP 800-53 Rev. 5.2.0,activity,,Establish a security and privacy workforce development and improvement program.,,"The TBS Guideline on Service and Digital provides non-exhaustive lists of desired knowledge and skills, as well as additional training resources.",
pm-14,PM-14,PM,"Testing, training, and monitoring",NIST SP 800-53 Rev. 5.2.0,activity,,"A. Implement a process for ensuring that organizational plans for conducting security and privacy testing, training, and monitoring activities associated with organizational systems
1. are developed and maintained
2. continue to be executed
   B. Review testing, training, and monitoring plans for consistency with the organizational security and privacy risk management strategy and organization-wide priorities for risk response actions",,,
pm-15,PM-15,PM,Security and privacy groups and associations,NIST SP 800-53 Rev. 5.2.0,activity,,"Establish and institutionalize contact with selected groups and associations within the security and privacy communities to:
A. facilitate ongoing security and privacy education and training for organizational personnel
B. maintain currency with recommended security and privacy practices, techniques, and technologies
C. share current security and privacy information, including threats, vulnerabilities, and incidents",,,
pm-16,PM-16,PM,Threat awareness program,NIST SP 800-53 Rev. 5.2.0,control,,Implement a threat awareness program that includes a cross-organization information-sharing capability for threat intelligence.,,,
pm-16.1,PM-16(1),PM,Automated means for sharing threat intelligence,NIST SP 800-53 Rev. 5.2.0,control,,Employ automated mechanisms to maximize the effectiveness of sharing threat intelligence information.,,,
pm-17,PM-17,PM,Protecting controlled information on outsourced external systems,NIST SP 800-53 Rev. 5.2.0,control,,"A. Establish policy and procedures to ensure that requirements for the protection of controlled information that is processed, stored, or transmitted on external systems, are implemented in accordance with applicable laws, Orders in Council, directives, policies, regulations, and standards
B. Review and update the policy and procedures [Assignment: organization-defined frequency]",,"Controlled information (CI) includes Protected A, Protected B and controlled goods information that is not classified. Protected information is defined by the TBS Directive on Security Management, Appendix J: Standard on Security Categorization along with the safeguarding and dissemination requirements for such information and is codified in the TBS Policy on Privacy Protection. The policy prescribes the specific use and conditions to be implemented in accordance with organizational procedures, including via its contracting processes. Chapter 6 of the PSPC Contract Security Manual is dedicated to the handling and safeguarding of information and assets and is used in conjunction with Annex C – Guidelines for safeguarding information and assets. Requirements related to information sharing agreements or arrangements are documented in TBS’ Guidance on Preparing Information Sharing Agreements Involving Personal Information.",
pm-18,PM-18,PM,Privacy program plan,NIST SP 800-53 Rev. 5.2.0,activity,,"A. Develop and disseminate an organization-wide privacy program plan that provides an overview of the organization’s privacy program, and
1. includes a description of the structure of the service delivery program for privacy and the resources dedicated to the privacy program
2. provides an overview of the requirements for the privacy program and a description of the privacy program management controls and common controls in place or planned for meeting those requirements
3. includes the role of the appropriate privacy senior official or executive, describes the formal delegation of authority from the Deputy Head, and identifies and assigns the roles of other privacy officials and staff and their responsibilities
4. describes management commitment, compliance requirements, and the strategic goals and objectives of the privacy program
5. reflects coordination among organizational entities responsible for the different aspects of privacy
6. is approved by a senior official with responsibility and accountability for the privacy risk being incurred to organizational operations (including mission, functions, image, and reputation), organizational assets, individuals, other organizations, and Canada
   B. Update the plan [Assignment: organization-defined frequency] and address changes in the application of federal privacy laws based on jurisprudence and policy and organizational changes and problems identified during plan implementation or privacy control assessments
   AA. Ensure the privacy program plan is communicated and made available to personnel responsible for implementing the plan",,,
pm-19,PM-19,PM,Privacy program leadership role,NIST SP 800-53 Rev. 5.2.0,control,,"Appoint an appropriate privacy senior official or executive with the authority, mission, accountability, and resources to coordinate, develop, and implement, applicable privacy requirements and manage privacy risks through the organization-wide privacy program.",,"For GC departments and agencies—as defined by applicable laws, Orders in Council, directives, regulations, policies, standards, and guidelines—this official is appointed by the head of an institution as the appropriate privacy senior official or executive. Organizations may also refer to this appropriate privacy senior official or executive as the CPO. The appropriate privacy senior official or executive also has roles on the data governance committee (see PM-23) and the committee on data and information (see PM-24).",
pm-20,PM-20,PM,Communication of key privacy services,NIST SP 800-53 Rev. 5.2.0,control,,"Maintain a central resource webpage on the organization’s principal public website that serves as a central source of information about the organization’s privacy services and that:
A. ensures that the public has access to a list of programs and services that collect and use personal information via Info Source
B. ensures that organizational privacy policies, practices and resources are published in the Annual Report to Parliament on the Administration of the Privacy Act
C. communicates publicly facing email addresses and/or phone lines to enable the public to provide feedback and/or direct questions to privacy offices regarding privacy practices
AA. includes summaries of completed PIAs
BB. includes direction to individuals about how to file a request to access their personal information, how to file a formal records correction and how to file a formal complaint, if they choose to do so",,"For federal departments and agencies, the central webpage with respect to privacy legislation is located at https://laws-lois.justice.gc.ca/. Individual federal departments and agencies typically include contact information for CPO, summaries of PIAs, publications such as the Annual Report to Parliament on the Administration of the Privacy Act, program activity summaries such as Info Source, and instructions for individuals seeking to file requests to access or correct their personal information as well as complaint procedures.",
pm-20.1,PM-20(1),PM,"Privacy policies on websites, applications, and digital services",NIST SP 800-53 Rev. 5.2.0,control,,"Develop and post privacy policies on all external-facing websites, mobile applications, and other digital services, if the privacy of websites visitors could be affected. Ensure that policies:
a. are written in plain language and organized in a way that is easy to understand and navigate
b. provide information needed by the public to make an informed decision about whether and how to interact with the organization
c. are updated whenever the organization makes a substantive change to the practices it describes and includes a time/date stamp to inform the public of the date of the most recent changes",,,
pm-21,PM-21,PM,Maintain a record of disclosures,NIST SP 800-53 Rev. 5.2.0,control,,"A. Establish procedures fo,r and maintain a record of disclosures of, personal information, including the
1. date and details of the disclosure
2. position and address, or other contact information of the individual or organization to which the disclosure was made
   B. Keep a record of disclosures for the length of the time the personal information is maintained or as required by the organization’s information management standards
   C. Make the record of disclosure available to the individual to whom the personal information relates, upon request, unless the disclosure meets the exemptions cited in the Privacy Act
   AA. Establish a contract, information sharing agreement or information sharing arrangement to document appropriate safeguards prior to any disclosure of personal information to another federal program or to another public or private sector entity",,"For GC departments and agencies, keeping records of disclosures is required by applicable legislations, policies, and directives. Institutions should consult with their appropriate privacy senior official or executive, legal counsel and information management officials on this requirement and be aware of the statutory exceptions and TBS guidance relating to the provision.",
pm-22,PM-22,PM,Personal information quality management,NIST SP 800-53 Rev. 5.2.0,control,,"Develop and document organization-wide policies and procedures for:
A. reviewing for the accuracy, relevance, timeliness, and completeness of personal information across the information lifecycle
B. implementing records correction process that facilitates correcting or deleting inaccurate or outdated personal information
C. implementing records correction process that facilitates disseminating notice of corrected personal information when the incorrect information has been disclosed previously
AA. ensuring that collection procedures adhere to the requirements of applicable legislation
BB. documenting any changes or modifications to the information, including the date and sources of the information change",,"Organizations have an obligation to ensure the accuracy of personal information used in a decision-making process. This obligation includes steps to confirm the accuracy of personal information throughout the information lifecycle. Subsection 6(2) of the Privacy Act requires a government institution to take all reasonable steps to ensure that the collected personal information is accurate, up-to-date and as complete as possible.

The Directive on Privacy Practices provides additional details such as collecting information directly from the individual unless the individual authorizes otherwise or for reasons permitted by subsection 5(1) of the Privacy Act; collecting information from reliable sources; and validating and verifying the information before using the information for a decision-making process, if appropriate. When validating the accuracy of personal information, identify the relevant PIB description the source or technique used, including any data matching, where appropriate.

Organizations ensure that individuals are given the opportunity, whenever possible, to correct inaccurate personal information before any decision is made that could have an impact on them. Organizational policies and procedures to ensure accuracy of personal information are important to ensure the integrity of any administrative decisions made using that information. Inaccurate information may result in adverse decisions or the denial of benefits and services. Organizations need to balance the necessity of holding information versus the invasiveness to the individual. One aspect to consider is the impact of a potential compromise of the information. Organizations should work with Information Management officials to determine an appropriate retention schedule for the personal information.

Organizations publish retention standards in their PIBs to ensure transparency. When information is deleted in accordance with the retention standard, organizations may choose to inform individuals of the completed action.",
pm-23,PM-23,PM,Data governance committee,NIST SP 800-53 Rev. 5.2.0,activity,,Establish a data governance committee consisting of [Assignment: organization-defined roles] with [Assignment: organization-defined responsibilities].,,,
pm-24,PM-24,PM,Data integrity board,NIST SP 800-53 Rev. 5.2.0,activity,,"Establish a data integrity board to:
A. review proposals to conduct or participate in a matching program
B. conduct an annual review of all matching programs in which the organization has participated",,"A data integrity board is the board of senior officials designated by the head of a GC department or agency and is responsible for, among other things, reviewing the organization’s proposals to conduct or participate in a matching program and conducting an annual review of all matching programs in which the agency has participated. As a general matter, a matching program is a computerized comparison of records subject to the Privacy Act or PIPEDA from 2 or more automated systems of records or an automated system of records and automated records maintained by a non-federal organization (or agent thereof).

GC departments and agencies can establish an assistant deputy minister committee on data and information (ADM CDI) to review proposals on all uses of data by the institution, up to and including automation, advanced analytics, and artificial intelligence. At a minimum, the ADM CDI includes the chief data officer (CDO), CIO, CSO, and the appropriate privacy senior official or executive.",
pm-25,PM-25,PM,"Minimization of personal information used in testing, training, and research",NIST SP 800-53 Rev. 5.2.0,control,,"A. Develop, document, and implement policies and procedures that address the use of personal information for internal testing, training, and research
B. Limit or minimize the amount of personal information used for internal testing, training, and research purposes
C. Authorize the use of personal information in internal testing, training, and research when the required result cannot be achieved without the use of the personal information
D. Review and update policies and procedures [Assignment: organization-defined frequency]
AA. Restrict the disclosure of datasets containing personal information to external contractors, wherever possible",,"GC departments and agencies consult with the appropriate privacy senior official or executive and/or legal counsel to ensure that the use of personal information in testing, training, and research is compatible with the original purpose for which it was collected or permissible under subsection 8(2) of the Privacy Act. Information-sharing agreements for research and statistical purposes are provided for in subsection 8(2)(j) of the Privacy Act. For the use of personal information in training activities, organizations may rely on training as a consistent use of the information, in accordance with subsection 8(2)(a) of the Privacy Act.

When organizations collect personal information for the express purpose of research or program evaluation, institutions should ensure that the collected personal information is reflected in any privacy notice, PIAs, and PIBs relevant to the program.",
pm-26,PM-26,PM,Complaint management,NIST SP 800-53 Rev. 5.2.0,control,,"Implement a process for receiving and responding to complaints, concerns, or questions from individuals about the organizational security and privacy practices that includes:
A. mechanisms that are easy to use and readily accessible by the public
B. all information necessary for successfully filing complaints
C. tracking mechanisms to ensure all complaints received are reviewed and addressed within [Assignment: organization-defined time period]
D. acknowledgment of receipt of complaints, concerns, or questions from individuals within [Assignment: organization-defined time period]
E. response, with discretion, to complaints, concerns, or questions from individuals within [Assignment: organization-defined time period]",,"GC departments and agencies are required to implement a process that acknowledges individuals’ rights to file a complaint related to the collection, retention, or disposal of personal information; the use or disclosure of personal information; and their rights of access to their personal information. Organizations should inform individuals of their right to complain about the handling of their personal information, including both organization contacts and the OPC complaint resolution contact.

When informed of a formal privacy complaint and/or investigation by the OPC, organizations should be prepared to provide a clear description of the relevant facts and circumstances related to the complaint, copies of any documentation relevant to the matter under investigation, a clear statement of the organization’s position concerning the allegations, and specifics of any action taken to date, or planned to be taken.

GC departments and agencies should review trends to assess opportunities to proactively improve privacy practices and report complaint volumes and trends in the organization’s Annual Report to Parliament for the Privacy Act.",
pm-27,PM-27,PM,Privacy reporting,NIST SP 800-53 Rev. 5.2.0,activity,,"A. Develop [Assignment: organization-defined privacy reports] and disseminate to
1. [Assignment: organization-defined oversight bodies] to demonstrate accountability with statutory, regulatory, and policy privacy mandates
2. [Assignment: organization-defined officials] and other personnel with responsibility for monitoring privacy program compliance
   B. Review and update privacy reports [Assignment: organization-defined frequency]
   AA. Federal departments and agencies are required to report details related to the administration of the Privacy Act to both Parliament and TBS, as per section 72 of the Privacy Act",,"Organizations promote accountability and transparency in organizational privacy operations through internal and external reporting. Reporting can also help organizations to determine progress in meeting privacy compliance requirements and privacy controls, compare performance across the federal government, discover vulnerabilities, identify gaps in policy and implementation, and identify models for success. TBS is responsible for the operational policies, directives, and guidelines relating to the Privacy Act and its regulations.

For GC departments and agencies, annual privacy reports are prepared by the head of each institution, reporting on the administration of the Privacy Act. The appropriate privacy senior official or executive consults with legal counsel, where appropriate, to ensure that organizations meet all applicable privacy reporting requirements.

The Privacy Commissioner of Canada is an Agent of Parliament with the duty of protecting and promoting privacy rights and is responsible for reporting annually to Parliament on activities. The Privacy Commissioner can also report at any time on any important matter within the scope of the Commissioner’s powers, duties and functions.",
pm-28,PM-28,PM,Risk framing,NIST SP 800-53 Rev. 5.2.0,activity,,"A. Identify and document
1. assumptions affecting risk assessments, risk responses, and risk monitoring
2. constraints affecting risk assessments, risk responses, and risk monitoring
3. priorities and trade-offs considered by the organization for managing risk
4. organizational risk tolerance
   B. Distribute the results of risk framing activities to [Assignment: organization-defined personnel]
   C. Review and update risk framing considerations [Assignment: organization-defined frequency]",,,
pm-29,PM-29,PM,Risk management program leadership roles,NIST SP 800-53 Rev. 5.2.0,control,,"A. Appoint a senior accountable official for risk management to align organizational information security and privacy management processes with strategic, operational, and budgetary planning processes
B. Establish a risk executive (function) to view and analyze risk from an organization-wide perspective and ensure management of risk is consistent across the organization",,,
pm-30,PM-30,PM,Supply chain risk management strategy,NIST SP 800-53 Rev. 5.2.0,activity,,"A. Develop an organization-wide strategy for managing supply chain risks associated with the development, acquisition, maintenance, and disposal of systems, system components, and system services
B. Implement the supply chain risk management strategy consistently across the organization
C. Review and update the supply chain risk management strategy on [Assignment: organization-defined frequency] or as required, to address organizational changes",,,
pm-30.1,PM-30(1),PM,Suppliers of critical or mission-essential items,NIST SP 800-53 Rev. 5.2.0,activity,,"Identify, prioritize, and assess suppliers of critical or mission-essential technologies, products, and services.",,,
pm-31,PM-31,PM,Continuous monitoring strategy,NIST SP 800-53 Rev. 5.2.0,activity,,"Develop an organization-wide continuous monitoring strategy and implement continuous monitoring programs that include:
A. the establishment of the following organization-wide metrics to be monitored: [Assignment: organization-defined metrics]
B. the establishment of [Assignment: organization-defined monitoring frequencies] and [Assignment: organization-defined assessment frequencies] for control effectiveness
C. ongoing monitoring of organizationally-defined metrics in accordance with the continuous monitoring strategy
D. correlation and analysis of information generated by control assessments and monitoring
E. response actions to address results of the analysis of control assessment and monitoring information
F. reporting on the security and privacy status of organizational systems to [Assignment: organization-defined personnel or roles] [Assignment: organization-defined frequency]",,,
pm-32,PM-32,PM,Purposing,NIST SP 800-53 Rev. 5.2.0,control,,Analyze [Assignment: organization-defined systems or systems components] supporting mission essential services or functions to ensure that the information resources are being used consistent with their intended purpose.,,,
ps-1,PS-1,PS,Personnel security policy and procedures,NIST SP 800-53 Rev. 5.2.0,activity,,"A. Develop, document, and disseminate to [Assignment: organization-defined personnel or roles]
1. [Selection (1 or more): Organization-level; Mission/business process-level; System-level] personnel security policy that
   a. addresses purpose, scope, roles, responsibilities, management commitment, coordination among organizational entities, and compliance
   b. is consistent with applicable laws, Orders in Council, directives, regulations, policies, standards, and guidelines
2. procedures to facilitate the implementation of the personnel security policy and the associated personnel security controls
   B. Designate an [Assignment: organization-defined official] to manage the development, documentation, and dissemination of the personnel security policy and procedures
   C. Review and update the current personnel security
3. policy [Assignment: organization-defined frequency] and following [Assignment: organization-defined events]
4. procedures [Assignment: organization-defined frequency] and following [Assignment: organization-defined events]",,,
ps-2,PS-2,PS,Position security analysis,NIST SP 800-53 Rev. 5.2.0,control,,"A. Determine the security screening requirements of all organizational positions
B. Establish screening criteria for individuals filling those positions
C. Review and update position security screening requirement [Assignment: organization-defined frequency]",,,
ps-3,PS-3,PS,Personnel screening,NIST SP 800-53 Rev. 5.2.0,control,,"A. Screen individuals prior to authorizing access to the system
B. Rescreen individuals in accordance with [Assignment: organization-defined conditions requiring rescreening and, where rescreening is so indicated, the frequency of rescreening]",,,
ps-3.1,PS-3(1),PS,Classified information,NIST SP 800-53 Rev. 5.2.0,control,,"Verify that individuals accessing a system that processes, stores, or transmits classified information are cleared and indoctrinated to the highest classification level of the information to which they have access on the system.",,"Classified information is the most sensitive information that the GC processes, stores, or transmits. It is imperative that individuals have the requisite security clearances and system access authorizations prior to gaining access to such information. Access authorizations are enforced by system access controls (see AC-03) and flow controls (see AC-04).",
ps-3.2,PS-3(2),PS,Formal indoctrination,NIST SP 800-53 Rev. 5.2.0,control,,"Verify that individuals accessing a system that processes, stores, or transmits types of classified information that require formal indoctrination are formally indoctrinated for all the relevant types of information to which they have access on the system.",,"Types of classified information that require formal indoctrination include Special Access Program (SAP), Restricted Data (RD), and SCI.",
ps-3.3,PS-3(3),PS,Information requiring special protective measures,NIST SP 800-53 Rev. 5.2.0,control,,"Verify that individuals accessing a system that processes, stores, or transmits information requiring special protection:
a. have valid access authorizations that are demonstrated by assigned official government duties
b. satisfy [Assignment: organization-defined additional personnel screening criteria]",,Organizational information that requires special protection includes protected information. Personnel security criteria include position sensitivity background screening requirements.,
ps-3.4,PS-3(4),PS,Citizenship requirements,NIST SP 800-53 Rev. 5.2.0,control,,"Verify that individuals accessing a system that processes, stores, or transmits [Assignment: organization-defined information types] meet [Assignment: organization-defined citizenship requirements].",,,
ps-4,PS-4,PS,Personnel termination,NIST SP 800-53 Rev. 5.2.0,control,,"Upon termination of individual employment:
A. disable system access within [Assignment: organization-defined time period]
B. terminate or revoke any authenticators and credentials associated with the individual
C. conduct exit interviews that include a discussion of [Assignment: organization-defined information security topics]
D. retrieve all security-related, organizational system-related property
E. retain access to organizational information and systems formerly controlled by the terminated individual",,"Exit interviews are important for individuals with security clearances. CSOs or delegated officials, in consultation with human resources advisors, must develop procedures and ensure that debriefings and reclamations are scheduled and conducted as a component of the overall termination process. The Security Screening Certificate and Screening Form is used to record that termination procedures have been completed.",
ps-4.1,PS-4(1),PS,Post-employment requirements,NIST SP 800-53 Rev. 5.2.0,control,,"a. Notify terminated individuals of applicable, legally binding, post-employment requirements for the protection of organizational information
b. Require terminated individuals to sign an acknowledgment of post-employment requirements as part of the organizational termination process",,"In accordance with the TBS standard, terminated individuals shall receive a formal debriefing to remind them of their continuing responsibilities to maintain the confidentiality of the sensitive information to which they have had access.",
ps-4.2,PS-4(2),PS,Automated actions,NIST SP 800-53 Rev. 5.2.0,control,,Use [Assignment: organization-defined automated mechanisms] to [Selection (1 or more): notify [Assignment: organization-defined personnel or roles] of individual termination actions; disable access to system resources].,,,
ps-4.400,PS-4(400),PS,Permanently bound to secrecy,CCCS,control,,Forward data on the form Record of a Person in a Scheduled Department or Agency Under the Security of Information Act (SOIA) to the Canadian Security Intelligence Service (CSIS).,,"As part of the departmental security exit process, if the departing member or employee has not already been entered into the CSIS central registry, the scheduled department should proceed by forwarding the data to CSIS. A departing person who was not previously designated as a person permanently bound to secrecy during the course of their employment can be designated as such upon termination, if it is assessed that it is in the interest of national security. If a decision is made to recommend to the deputy head that a former member or employee be designated, procedures for designation by notice shall be followed.",
ps-5,PS-5,PS,Personnel transfer,NIST SP 800-53 Rev. 5.2.0,control,,"A. Review and confirm ongoing operational need for current logical and physical access authorizations to systems and facilities when individuals are reassigned or transferred to other positions within the organization
B. Initiate [Assignment: organization-defined transfer or reassignment actions] within [Assignment: organization-defined time period following the formal transfer action]
C. Modify access authorization as needed to correspond with any changes in operational need due to reassignment or transfer
D. Notify [Assignment: organization-defined personnel or roles] within [Assignment: organization-defined time period]",,,
ps-5.400,PS-5(400),PS,Security clearance,CCCS,control,,"a. Accept the security status or clearance of the individual when the required one is at the same or lesser level previously granted
b. Redo the security screening when
  1) the results are over 5 years old
  2) there is evidence to suggest that the security screening was not done in accordance with the TBS Standard on Security Screening
  3) there is a security waiver attached to the status or clearance
  4) law enforcement inquiries or security assessments results have been removed from the individual’s file
  5) there is adverse information in the individual’s file that may pose a security risk to the receiving department or agency",,"When enhanced screening is required for the new position, security screening will be reviewed accordingly. There may be a need to conduct additional inquiries, verification, or assessments to comply with the status or clearance requirements.",
ps-6,PS-6,PS,Access agreements,NIST SP 800-53 Rev. 5.2.0,control,,"A. Develop and document access agreements for organizational systems
B. Review and update the access agreements [Assignment: organization-defined frequency]
C. Verify that individuals requiring access to organizational information and systems
1. sign appropriate access agreements prior to being granted access
2. re-sign access agreements to maintain access to organizational systems when access agreements have been updated or [Assignment: organization-defined frequency]",,,
ps-6.1,PS-6(1),PS,Information Requiring Special Protection,NIST SP 800-53 Rev. 5.2.0,,withdrawn,,,,
ps-6.2,PS-6(2),PS,Classified information requiring special protection,NIST SP 800-53 Rev. 5.2.0,control,,"Verify that access to classified information requiring special protection is granted only to individuals who:
a. have a valid access authorization that is demonstrated by assigned official government duties
b. satisfy associated personnel security criteria
c. have read, understood, and signed a non-disclosure agreement",,"Classified information that requires special protection includes collateral information, SAP information, and SCI. Personnel security criteria reflect applicable laws, Orders in Council, directives, regulations, policies, standards, and guidelines.",
ps-6.3,PS-6(3),PS,Post-employment requirements,NIST SP 800-53 Rev. 5.2.0,control,,"a. Notify individuals of applicable, legally binding, post-employment requirements for protection of organizational information
b. Require individuals to sign an acknowledgment of these requirements, if applicable, as part of granting initial access to covered information",,,
ps-7,PS-7,PS,External personnel security,NIST SP 800-53 Rev. 5.2.0,control,,"A. Establish personnel security requirements, including security roles and responsibilities for external providers
B. Require external providers to comply with personnel security policies and procedures established by the organization
C. Document personnel security requirements
D. Require external providers to notify [Assignment: organization-defined personnel or roles] of any personnel transfers or terminations of external personnel who possess organizational credentials and/or badges, or who have system privileges within [Assignment: organization-defined time period]
E. Monitor provider compliance with personnel security requirements
F. The organization ensures security screening of private-sector organizations and individuals who have access to Protected and Classified information, assets, and facilities in accordance with the TBS Standard on Security Screening
G. The organization explicitly defines government oversight and end-user roles and responsibilities relative to third-party-provided services in accordance with the TBS Directive on Security Management: Appendix F: Mandatory Procedures for Security in Contracts and Other Arrangements Control",,,
ps-8,PS-8,PS,Personnel sanctions,NIST SP 800-53 Rev. 5.2.0,control,,"A. Employ a formal sanctions process for individuals who fail to comply with established information security and privacy policies and procedures
B. Notify [Assignment: organization-defined personnel or roles] within [Assignment: organization-defined time period] when a formal employee sanctions process is initiated, identifying the individual sanctioned and the reason for the sanction",,"Organizational sanctions reflect applicable laws, Orders in Council, directives, regulations, policies, standards, and guidelines. Sanctions processes are described in access agreements and can be included as part of general personnel policies for organizations and/or specified in security and privacy policies. Organizations should consult with TBS regarding matters of employee sanctions.",
ps-9,PS-9,PS,Position descriptions,NIST SP 800-53 Rev. 5.2.0,activity,,Incorporate security and privacy roles and responsibilities into organizational position descriptions.,,,
pt-1,PT-1,PT,Personal information handling and transparency policy and procedures,NIST SP 800-53 Rev. 5.2.0,activity,,"A. Develop, document, and disseminate to [Assignment: organization-defined personnel or roles]
1. [Selection (1 or more): organization-level; mission/business process-level; system-level] privacy policy and personal information handling procedures that
   a. addresses objectives, scope, roles, responsibilities, management commitment, coordination among organizational entities, and compliance obligations
   b. is consistent with applicable laws, jurisprudence, directives, regulations, policies, directives, standards, and guidelines
2. procedures to facilitate the implementation of the privacy policy and procedures for personal information handling and the associated personal information handling and transparency controls
   B. Delegate responsibility to [Assignment: organization-defined official] to develop, document, and communicate personal information handling and transparency policy and procedures
   C. Review and update personal information handling and transparency
3. privacy policy [Assignment: organization-defined frequency] and following [Assignment: organization-defined events]
4. personal information handling procedures, including transparency requirements [Assignment: organization-defined frequency] and following [Assignment: organization-defined events]",,,
pt-2,PT-2,PT,Authority to collect and use personal information,NIST SP 800-53 Rev. 5.2.0,control,,"A. Determine and document the [Assignment: organization-defined authority] that permits the [Assignment: organization-defined collection and use] of personal information
B. Restrict the [Assignment: organization-defined collection and use] of personal information to only that which is authorized",,"Federal institutions are subject to laws or Orders in Council that provide the institution’s authority to establish program activities that collect and use personal information. Institutions must handle the personal information under their control in accordance with the requirements of the Privacy Act and related TBS policies and directives.

Appropriate privacy senior officials should consult with the appropriate privacy practitioner or executive and legal counsel regarding their authority and the appropriate handling requirements, particularly if the authorities are complex in nature. While handling of personal information is legally permissible, privacy risks may still arise.

PIAs, combined with other risk assessments, can identify the privacy impacts associated with the handling of personal information and support solutions to manage such risks. The Cyber Centre publication Organizational cyber security and privacy risk management activities (ITSP.10.036) provides an integrated approach to mitigating security and privacy risks through the system development lifecycle.

When handling personal information, federal institutions must follow the Privacy Act, its regulations, and related TBS policies and directives. Some organizations may also be subject to additional legislation that dictates handling requirements for personal information. With few exceptions, institutions must notify individuals of the purpose for collecting their information and how it will be used and disclosed. This notice should be given at the point of collection.

If personal information is used in a decision-making process or stored in a manner designated to be retrieved by the individual’s identity, institutions should further document the personal information elements that are collected or created (including the legal authority), and how they may be disclosed in PIBs. In addition, these program activities must conduct a PIA, which will serve as an input to the risk assessment. Privacy risks should be identified before the start of the program or activity. A summary of the PIA must be posted online. Additional accountability and governance steps must be taken prior to sharing personal information or contracting out services that involve personal information such as information sharing agreements or arrangements, contracts, and memoranda of understanding.",
pt-2.1,PT-2(1),PT,Data tagging,NIST SP 800-53 Rev. 5.2.0,control,,Attach data tags containing [Assignment: organization-defined authorized handling] to [Assignment: organization-defined elements of personal information].,,,
pt-2.2,PT-2(2),PT,Automation,NIST SP 800-53 Rev. 5.2.0,control,,Manage enforcement of the authorized handling of personal information using [Assignment: organization-defined automated mechanisms].,,,
pt-3,PT-3,PT,Personal information handling uses and disclosures,NIST SP 800-53 Rev. 5.2.0,control,,"A. Identify and document the [Assignment: organization-defined use(s) and disclosure(s)] associated with collections of personal information
B. Describe the purpose(s) of collection in the privacy notices and policies of the program activity or organization
C. Restrict the [Assignment: organization-defined use(s) and disclosure(s)] of personal information to only that which is compatible with the identified purpose(s) or permissible under the Privacy Act
D. Monitor changes in handling personal information and implement [Assignment: organization-defined mechanisms] to ensure that any changes are made in accordance with [Assignment: identified legislative requirements]
AA. Update the PIB and notify the OPC and TBS of the new use or disclosure",,"Once the primary purpose of collection has been identified, the purpose is described in the activity or service privacy notices, policies, and any related privacy compliance documentation, including PIAs, PIBs, PIPEDA or Privacy Act requirements, and applicable legislation.

Organizations must monitor for changes in personal information handling. Organizational personnel should consult with the appropriate privacy senior official or executive and legal counsel to ensure that any new uses or disclosures that arise are compatible with the purpose for which the information was collected and are consistent with that purpose or a permissible use or disclosure in accordance with the Privacy Act. If the use or disclosure is not permissible, consent may be required.",
pt-3.1,PT-3(1),PT,Data tagging,NIST SP 800-53 Rev. 5.2.0,control,,Attach data tags containing the following purposes to [Assignment: organization-defined elements of personal information]: [Assignment: organization-defined handling purposes].,,,
pt-3.2,PT-3(2),PT,Automation,NIST SP 800-53 Rev. 5.2.0,control,,Track handling purposes of personal information using [Assignment: organization-defined automated mechanisms].,,,
pt-4,PT-4,PT,Consent,NIST SP 800-53 Rev. 5.2.0,control,,"A. Ensure that consent is obtained in writing or is otherwise adequately documented, including information such as the date and time of consent
B. In the federal government, implement [Assignment: organization-defined tools or mechanisms] for individuals to provide informed consent to the secondary uses or indirect collection of their personal information. Consent must include
1. the purpose of the consent
2. the specific personal information elements involved
3. in the case of indirect collection, the sources that will be asked to provide the information, as well as the reason for making the collection indirectly
4. uses or disclosures that are not consistent with the original purpose of the collection and for which consent is being sought
5. any consequences that may result from withholding consent
6. any alternatives to providing consent
   C. In the private sector, implement [Assignment: organization-defined tools or mechanisms] for individuals to provide meaningful consent to the collection, use and disclosure of their personal information",,"While consent is appropriate in the private sector, it is only required in the GC if personal information will be used for a secondary purpose or may be appropriate if information will be collected indirectly. Federal institutions only require that the personal information collected has a direct connection to an operating program or service, commonly referred to as requiring legislative authority. The original use of personal information is the purpose that was communicated to the individual when the personal information was collected and is directly related to an operating program or activity of the institution. A use of the information that is not consistent with the original purpose is considered to be a secondary purpose.

Consent for secondary uses allows individuals to control the circumstances in which their personal information can be used. Consent may be required by applicable laws, directives, regulations, policies, standards, or guidelines. When selecting consent as a control, organizations should consider whether individuals have the capacity to provide informed consent.

Before collecting personal information, federal government organizations should make sure that they have parliamentary authority for the program or activity for which the information will be collected. Obtaining an individual's consent for the collection or use of personal information does not replace or establish authority for the collection of that information.",
pt-4.1,PT-4(1),PT,Tailored consent Government of Canada,NIST SP 800-53 Rev. 5.2.0,control,,Provide [Assignment: organization-defined mechanisms] to allow individuals to tailor handling permissions to selected elements of personal information.,,"Not all secondary uses will require all of the personal information that was collected for the primary purpose. In such cases, tailored consent should be considered. Organizations should inform individuals of their personal information that will be applied to the secondary use. For example, collecting the name, contact information, and financial information for a primary purpose and a secondary use of the name and contact information for proactive communication would require tailored consent. More tailored consent may help reduce privacy risk, increase individual satisfaction, and avoid adverse behaviours, such as abandonment of the product or service.",
pt-4.2,PT-4(2),PT,Timely consent,NIST SP 800-53 Rev. 5.2.0,control,,Present [Assignment: organization-defined consent mechanisms] to individuals at [Assignment: organization-defined frequency] and in conjunction with [Assignment: organization-defined personal information handling].,,,
pt-4.3,PT-4(3),PT,Revocation,NIST SP 800-53 Rev. 5.2.0,control,,Implement [Assignment: organization-defined tools or mechanisms] for individuals to revoke consent to the handling of their personal information.,,,
pt-4.400,PT-4(400),PT,Tailored consent private sector,CCCS,control,,Provide [Assignment: organization-defined mechanisms] to allow individuals to tailor handling permissions to selected elements of personal information.,,,
pt-5,PT-5,PT,Privacy notice,NIST SP 800-53 Rev. 5.2.0,control,,"Provide notice to individuals about the collection of their personal information that includes:
A. the legal authority for the collection of personal information
B. any legal or administrative consequences of refusing to provide the personal information
C. the rights of access to, correction, and protection of personal information
D. a warning that system usage may be monitored, recorded, and subject to audit and includes
1. a statement explaining the regular monitoring practices of electronic networks
2. a statement that electronic networks will be monitored for work-related purposes
3. a statement that special monitoring may be permitted without notice in instances where illegal or other unacceptable use is suspected
   E. an explanation of how the information will be used
   F. the right to file a complaint with the Privacy Commissioner of Canada regarding the institution’s handling of the individual’s personal information
   G. the relevant PIB reference, if applicable",,"Privacy notices ensure individuals are informed about how their personal information is being collected or used by the organization. Organizations should use privacy notices to inform individuals about how, under what authority, and for what purpose their personal information is processed, as well as other information such as the choices individuals might have with respect to that handling and other parties with whom information is shared. Laws, Orders in Council, directives, regulations, or policies may require that privacy notices include specific elements or be provided in specific formats.

GC personnel should consult with the appropriate privacy senior official or executive and legal counsel regarding when and where to provide privacy notices, as well as elements to include in privacy notices and required formats. In circumstances where laws or government-wide policies do not require privacy notices, organizational policies and determinations may require privacy notices and may serve as a source of the elements to include in privacy notices.

To help individuals understand how their information is being used, organizations should write materials in plain language and avoid technical jargon.",
pt-5.1,PT-5(1),PT,Timely privacy notice statements,NIST SP 800-53 Rev. 5.2.0,control,,Present notice of personal information handling to individuals at the time that the individual provides personal information.,,"Privacy notice statements inform individuals of how organizations process their personal information at a time when such notices may be most useful to the individuals. Individual assumptions about how personal information will be used or disclosed might not be accurate or reliable if time has passed since the organization last presented notice or if the circumstances under which the individual was last provided notice have changed. Periodic communication of a privacy notice statement can remind individuals about uses or disclosures of their personal information. Organizations should use discretion to determine when to communicate privacy notice reminders and may use supporting information on user demographics, focus groups, or surveys to learn about users’ privacy interests and concerns.",
pt-5.2,PT-5(2),PT,Privacy notice statements,NIST SP 800-53 Rev. 5.2.0,control,,Include privacy notice statements on forms that collect information that will be maintained in a PIB.,,"If a federal department or agency asks individuals to supply information, the department or agency is required to provide a privacy notice statement on the form used to collect the information. The department or agency provides a privacy notice statement in such circumstances, regardless of whether the information will be collected on a paper or electronic form, on a website, on a mobile application, over the telephone, or through some other medium.

Privacy notice statements provide formal notice to individuals of the legislative authority under which the collection of the information is conducted; whether providing the information is mandatory or voluntary; the principal purpose(s) for which the information is to be used; the published consistent uses to which the information is subject; the effects on the individual, if any, of not providing all or any part of the information requested; and an appropriate citation and link to the relevant PIB.

Federal department and agency personnel should consult with the appropriate privacy senior official or executive and legal counsel regarding the notice provisions of the Privacy Act.",
pt-6,PT-6,PT,Personal information banks,NIST SP 800-53 Rev. 5.2.0,control,,"Program activities that collect personal information must register and publish a PIB if that information has been used, is being used, or is available for use for an administrative purpose or if it is organized or intended to be retrieved by the name of an individual or by an identifying number, symbol or other particular assigned to an individual. [Assignment: organization-defined roles or personnel] are responsible for:
A. registering or submitting new or significantly modified PIBs in accordance with TBS Directive on Privacy Practices, using the Personal Information Bank Submission form provided by TBS
B. publishing PIBs on the relevant institution’s Info Source webpage and updating this information once a year
C. keeping PIBs accurate, up-to-date, and scoped in accordance with policy",,"The Privacy Act requires that federal departments and agencies listed in Schedule III of the Act publish a collection of PIBs in their annual Info Source publication. Generally, a PIB is required when a GC department or agency collects personal information for an administrative purpose or if the personal information is retrievable by an individual’s name, identifying number, symbol, or other identifier.

Institution-specific PIBs describe personal information collected in support of institution-specific programs or services. Standard PIBs describe information about members of the public, as well as current and former federal employees, contained in records created, collected, and maintained by most government institutions in support of common internal services. Central PIBs describe personal information that is held by one government department on behalf of other government departments. Finally, exempt banks, which are institution-specific, and their content can be withheld by the Head of the institution.

The PIB describes the legislative authority for the collection, the class of individuals affected, the personal information data elements collected, all uses of the information, consistent disclosures, retention expectations, and additional details about the system as described in TBS guidelines.",
pt-6.1,PT-6(1),PT,Consistent uses and disclosures,NIST SP 800-53 Rev. 5.2.0,control,,"Review all consistent uses published in the PIB at [Assignment: organization-defined frequency] to ensure continued accuracy, and to ensure that consistent uses continue to be compatible with the purpose for which the information was collected.",,"The Privacy Act requires federal departments and agencies to describe each consistent use of the records as documented in the PIB. A consistent use has a reasonable and direct connection to the original purpose(s) for which the information was obtained. Personal information, as referenced in a PIB, can be disclosed without the consent of the individual in specific circumstances. One such circumstance is a disclosure for a purpose for which the information was obtained or compiled by the institution for a use consistent with that purpose. There are other permissible disclosures as documented in the subsection 8(2) of the Privacy Act.",
pt-6.2,PT-6(2),PT,Exempt banks,NIST SP 800-53 Rev. 5.2.0,control,,Review all PIBs that were designated as exempt banks under section 18 of the Privacy Act [Assignment: organization-defined frequency] to ensure they remain appropriate and necessary in accordance with law.,,"The Privacy Act includes provisions that allow federal departments and agencies to claim exemptions to TBS from certain requirements. A PIB qualifies for exemption when more than half of the information in each file contained in the bank qualifies for an exemption under section 21 or 22 of the Privacy Act. The described files consist predominantly of personal information that relates to international affairs, defence, and law enforcement and investigation. Exempt PIBs still require registration with TBS.",
pt-7,PT-7,PT,Particularly sensitive personal information,NIST SP 800-53 Rev. 5.2.0,control,,Apply [Assignment: organization-defined handling conditions] for particularly sensitive personal information.,,,
pt-7.1,PT-7(1),PT,Social insurance numbers,NIST SP 800-53 Rev. 5.2.0,control,,"When a program or activity collects, uses, or discloses social insurance numbers (SINs):
a. ensure there is express authority for the collection and use of the SIN
b. provide notice, at the point of collection, regarding the authority to collect as well as the anticipated use or disclosures of the SIN
c. ensure the collection and use of SIN is included in the associated PIB, if appropriate",,"GC policy establishes specific requirements for organizations’ handling of some categories of particularly sensitive personal information such as SINs. The SIN is a confidential number that should not be used as identification or provided for non-governmental purposes. Organizations should take steps to eliminate unnecessary uses of SINs and other sensitive information and should observe any particular requirements that apply.

The collection and use of the SIN by government institutions should only be for the authorized and lawful purposes outlined in Appendix A of the TBS Directive on Social Insurance Number. The directive provides direction to government institutions on how the SIN can be collected, used, and disclosed. It also outlines the methods to establish policy authority for a new collection or new consistent use of the SIN.",
pt-7.2,PT-7(2),PT,Canadian Charter of Rights and Freedoms,NIST SP 800-53 Rev. 5.2.0,control,,Restrict the handling of information describing how any individual exercises rights guaranteed by the Canadian Charter of Rights and Freedoms unless there is lawful authority or if it is within the scope of an authorized law-enforcement activity.,,Organizations should exercise caution when considering the collection of data elements protected under the Canadian Charter of Rights and Freedoms to ensure there is lawful authority for the handling of that personal information. Organizations should consult with the appropriate privacy senior official or executive and legal counsel.,
pt-7.400,PT-7(400),PT,Private sector,CCCS,control,,"When collecting, using, or disclosing particularly sensitive personal information, private sector organizations should:
a. determine the form of consent to use, considering the sensitivity of information
b. protect personal information with [Assignment: organization-defined tools or mechanisms] appropriate to the sensitivity of information",,,
pt-8,PT-8,PT,Data matching requirements,NIST SP 800-53 Rev. 5.2.0,control,,"When a program activity seeks to collect, use, or disclose personal information for the purpose of conducting a data matching activity:
A. ensure the authority exists to collect, use, or disclose the personal information for the purpose of data matching
B. develop and enter into an information sharing agreement or information sharing arrangement for the purpose of data matching
C. verify that the [Selection (1): notice to the individual; consent obtained from the individual] identifies that the information will be used for data matching activities
D. verify that the associated PIB identifies that the information will be used for data matching activities",,"Data matching is defined as an activity involving the comparison of personal information from different sources, including sources within the same government institution, for administrative or non-administrative purposes. The data-matching activity that is established can be systematic or recurring. The data-matching activity can also be conducted on a periodic basis when deemed necessary. Data matching includes the disclosure or sharing of personal information with another organization for data-matching purposes.",
ra-1,RA-1,RA,Risk assessment policy and procedures,NIST SP 800-53 Rev. 5.2.0,activity,,"A. Develop, document, and disseminate to [Assignment: organization-defined personnel or roles]
1. [Selection (1 or more): organization-level; Mission/business process-level; System-level] risk assessment policy that
   a. addresses purpose, scope, roles, responsibilities, management commitment, coordination among organizational entities, and compliance
   b. is consistent with applicable laws, Orders in Council, directives, regulations, policies, standards, and guidelines
2. procedures to facilitate the implementation of the risk assessment policy and the associated risk assessment controls
   B. Designate an [Assignment: organization-defined official] to manage the development, documentation, and dissemination of the risk assessment policy and procedures
   C. Review and update the current risk assessment
3. policy [Assignment: organization-defined frequency] and following [Assignment: organization-defined events]
4. procedures [Assignment: organization-defined frequency] and following [Assignment: organization-defined events]",,,
ra-1.400,RA-1(400),RA,Privacy impact assessments,CCCS,activity,,"Develop a PIA process and associated procedures that:
a. is established by Heads of GC institutions
b. considers the responsibility within the institution for establishing PIBs
c. is commensurate with the severity of potential injuries related to the privacy invasiveness of the institution's programs or activities
d. ensures the PIA is completed by the appropriate privacy senior official or executive holding responsibility within the institution for new or substantially modified programs or activities",,"Following the establishment of the PIA by the Head of the institution, the appropriate privacy senior officials or executives are responsible for adhering to the process in RA-08 for the completion of the PIA.",
ra-2,RA-2,RA,Security categorization,NIST SP 800-53 Rev. 5.2.0,activity,,"A. Categorize the system and information it processes, stores, and transmits
B. Document the security categorization results, including supporting rationale, in the security plan for the system
C. Verify that the authorizing official or authorizing official’s designated representative reviews and approves the security categorization decision",,"Organizations should conduct the security categorization process as an organization-wide activity with the direct involvement of chief information officers, senior officials in the department’s security governance, appropriate privacy senior officials or executives, system owners, mission and business owners, and information owners or stewards. Organizations should consider the potential adverse impacts to other organizations and injury to the national interest or outside of the national interest.",
ra-2.1,RA-2(1),RA,Impact-level prioritization,NIST SP 800-53 Rev. 5.2.0,control,,Conduct an impact-level prioritization of organizational systems to obtain additional granularity on system impact levels.,,"Impact-level prioritization can also be used to determine those systems that may be of heightened interest or value to adversaries or may represent a critical loss to the GC, sometimes described as high-value assets. For such high-value assets, organizations may be more focused on complexity, aggregation, and information exchanges.",
ra-3,RA-3,RA,Risk assessment,NIST SP 800-53 Rev. 5.2.0,activity,,"A. Conduct a risk assessment, including
1. identifying threats to and vulnerabilities in the system
2. determining the likelihood and magnitude of harm from unauthorized access, use, disclosure, disruption, modification, or destruction of the system, the information it handles, stores, or transmits, and any related information
3. determining the likelihood and impact of adverse effects on individuals arising from the handling of personal information
   B. Integrate risk assessment results and risk management decisions from the organization and mission or business process perspectives with system-level risk assessments
   C. Document risk assessment results in [Selection (1): security and privacy plans; risk assessment report; [Assignment: organization-defined document]]
   D. Review risk assessment results [Assignment: organization-defined frequency]
   E. Disseminate risk assessment results to [Assignment: organization-defined personnel or roles]
   F. Update the risk assessment [Assignment: organization-defined frequency] or when there are significant changes to the system, its environment of operation, or other conditions that may impact the security or privacy state of the system",,,
ra-3.1,RA-3(1),RA,Supply chain risk assessment,NIST SP 800-53 Rev. 5.2.0,control,,"a. Assess supply chain risks associated with [Assignment: organization-defined systems, system components, and system services]
b. Update the supply chain risk assessment [Assignment: organization-defined frequency], when there are significant changes to the relevant supply chain, or when changes to the system, environments of operation, or other conditions may necessitate a change in the supply chain",,,
ra-3.2,RA-3(2),RA,Use of all-source intelligence,NIST SP 800-53 Rev. 5.2.0,control,,Use all-source intelligence to assist in the analysis of risk.,,"In the GC, all-source intelligence sources include the ones above, with the addition of human intelligence, signals intelligence, and imagery intelligence.",
ra-3.3,RA-3(3),RA,Dynamic threat awareness,NIST SP 800-53 Rev. 5.2.0,control,,Determine the current cyber threat environment on an ongoing basis using [Assignment: organization-defined means].,,,
ra-3.4,RA-3(4),RA,Predictive cyber analytics,NIST SP 800-53 Rev. 5.2.0,control,,Employ the following advanced automation and analytics capabilities to predict and identify risks to [Assignment: organization-defined systems or system components]: [Assignment: organization-defined advanced automation and analytics capabilities].,,,
ra-4,RA-4,RA,Risk Assessment Update,NIST SP 800-53 Rev. 5.2.0,,withdrawn,,,,
ra-5,RA-5,RA,Vulnerability monitoring and scanning,NIST SP 800-53 Rev. 5.2.0,activity,,"A. Monitor and scan for vulnerabilities in the system and hosted applications [Assignment: organization-defined frequency and/or randomly in accordance with organization-defined process] and when new vulnerabilities potentially affecting the system are identified and reported
B. Employ vulnerability monitoring tools and techniques that facilitate interoperability among tools and automate parts of the vulnerability management process by using standards for
1. enumerating platforms, software flaws, and improper configurations
2. formatting checklists and test procedures
3. measuring vulnerability impact
   C. Analyze vulnerability scan reports and results from vulnerability monitoring
   D. Remediate legitimate vulnerabilities [Assignment: organization-defined response times] in accordance with an organizational assessment of risk
   E. Share information obtained from the vulnerability monitoring process and control assessments with [Assignment: organization-defined personnel or roles] to help eliminate similar vulnerabilities in other systems
   F. Employ vulnerability monitoring tools that include the capability to readily update the vulnerabilities to be scanned",,,
ra-5.1,RA-5(1),RA,Update Tool Capability,NIST SP 800-53 Rev. 5.2.0,,withdrawn,,,,
ra-5.2,RA-5(2),RA,Update vulnerabilities to be scanned,NIST SP 800-53 Rev. 5.2.0,control,,Update the system vulnerabilities to be scanned [Selection (1 or more): [Assignment: organization-defined frequency]; prior to a new scan; when new vulnerabilities are identified and reported].,,,
ra-5.3,RA-5(3),RA,Breadth and depth of coverage,NIST SP 800-53 Rev. 5.2.0,control,,Define the breadth and depth of vulnerability scanning coverage.,,,
ra-5.4,RA-5(4),RA,Discoverable information,NIST SP 800-53 Rev. 5.2.0,control,,Determine information about the system that is discoverable and take [Assignment: organization-defined corrective actions].,,,
ra-5.5,RA-5(5),RA,Privileged access,NIST SP 800-53 Rev. 5.2.0,control,,Implement privileged access authorization to [Assignment: organization-defined system components] for [Assignment: organization-defined vulnerability scanning activities].,,,
ra-5.6,RA-5(6),RA,Automated trend analyses,NIST SP 800-53 Rev. 5.2.0,control,,Compare the results of multiple vulnerability scans using [Assignment: organization-defined automated mechanisms].,,,
ra-5.7,RA-5(7),RA,Automated Detection and Notification of Unauthorized Components,NIST SP 800-53 Rev. 5.2.0,,withdrawn,,,,
ra-5.8,RA-5(8),RA,Review historic audit logs,NIST SP 800-53 Rev. 5.2.0,control,,Review historic audit logs to determine if a vulnerability identified in a [Assignment: organization-defined system] has been previously exploited within an [Assignment: organization-defined time period].,,,
ra-5.9,RA-5(9),RA,Penetration Testing and Analyses,NIST SP 800-53 Rev. 5.2.0,,withdrawn,,,,
ra-5.10,RA-5(10),RA,Correlate scanning information,NIST SP 800-53 Rev. 5.2.0,control,,Correlate the output from vulnerability scanning tools to determine the presence of multi-vulnerability and multi-hop attack vectors.,,,
ra-5.11,RA-5(11),RA,Public disclosure program,NIST SP 800-53 Rev. 5.2.0,control,,Establish a public reporting channel for receiving reports of vulnerabilities in organizational systems and system components.,,,
ra-6,RA-6,RA,Technical surveillance countermeasures survey,NIST SP 800-53 Rev. 5.2.0,control,,Employ a technical surveillance countermeasures survey at [Assignment: organization-defined locations] [Selection (1 or more): [Assignment: organization-defined frequency]; when the following events or indicators occur: [Assignment: organization-defined events or indicators]].,,,
ra-7,RA-7,RA,Risk response,NIST SP 800-53 Rev. 5.2.0,activity,,"Respond to findings from security and privacy assessments, monitoring, and audits in accordance with organizational risk tolerance.",,,
ra-8,RA-8,RA,Privacy impact assessments,NIST SP 800-53 Rev. 5.2.0,activity,,"Conduct PIAs for systems, programs or other activities when:
A. designing, developing or procuring means of handling personal information
B. initiating a new collection of personal information
AA. making substantial modifications to existing systems, programs or activities where personal information is handled",,"For federal departments and agencies, PIAs are triggered under the TBS Directive on Privacy Practices. Federal departments are required to follow the steps detailed within this directive. Departments and agencies should consult their appropriate privacy senior official or executive and legal counsel about this requirement and should be aware of any statutory exceptions and TBS guidance relating to the provision. Prior to conducting privacy analysis, organizations need to complete a privacy checklist, following any existing TBS template, to determine whether a privacy protocol or a PIA is required.

GC organizations are required to conduct PIAs for programs or other activities when personal information is used for or is intended to be used as part of a decision-making process that directly affects the individual and when substantial modifications are made to existing programs or activities where personal information is used or intended to be used for an administrative purpose. However, GC organizations should remain cognizant of potential harm to individuals and consider completing a PIA even if the personal information held by the organization is not being used for decision-making or administrative purposes.

Approval of the PIA must be obtained from the executive or senior official who manages the program or activity and the official responsible for section 10 of the Privacy Act. Upon approval, the PIA needs to be transmitted to TBS and to the OPC. Organizations are required to create a mitigation plan for compliance gaps or privacy risks identified during the PIA process.

For multi-institutional PIAs, participating organizations should refer to the directive for specific requirements. GC organizations must share copies of the approved PIA and other relevant documentation with partners or other government institutions in a manner that respects security requirements as well as any other confidentiality or legal consideration.",
ra-9,RA-9,RA,Criticality analysis,NIST SP 800-53 Rev. 5.2.0,activity,,"Identify critical system components and functions by performing a criticality analysis for [Assignment: organization-defined systems, system components, or system services] at [Assignment: organization-defined decision points in the system development lifecycle].",,,
ra-10,RA-10,RA,Threat hunting,NIST SP 800-53 Rev. 5.2.0,control,,"A. Establish and maintain a cyber threat hunting capability to
1. search for indicators of compromise in organizational systems
2. detect, track, and disrupt threats that evade existing controls
   B. Employ the threat hunting capability [Assignment: organization-defined frequency]",,,
sa-1,SA-1,SA,System and services acquisition policy and procedures,NIST SP 800-53 Rev. 5.2.0,activity,,"A. Develop, document, and disseminate to [Assignment: organization-defined personnel or roles]
1. [Selection (1 or more): Organization-level; Mission/business process-level; System-level] system and services acquisition policy that
   a. addresses purpose, scope, roles, responsibilities, management commitment, coordination among organizational entities, and compliance
   b. is consistent with applicable laws, Orders in Council, directives, regulations, policies, standards, and guidelines
2. procedures to facilitate the implementation of the system and services acquisition policy and the associated system and services acquisition controls
   B. Designate an [Assignment: organization-defined official] to manage the development, documentation, and dissemination of the system and services acquisition policy and procedures
   C. Review and update the current system and services acquisition
3. policy [Assignment: organization-defined frequency] and following [Assignment: organization-defined events]
4. procedures [Assignment: organization-defined frequency] and following [Assignment: organization-defined events]",,,
sa-2,SA-2,SA,Allocation of resources,NIST SP 800-53 Rev. 5.2.0,control,,"A. Determine the high-level information security and privacy requirements for the system or system service in mission and business process planning
B. Determine, document, and allocate the resources required to protect the system or system service as part of the organizational capital planning and investment control process
C. Establish a discrete line item for information security and privacy in organizational programming and budgeting documentation",,,
sa-3,SA-3,SA,System development lifecycle,NIST SP 800-53 Rev. 5.2.0,activity,,"A. Acquire, develop, and manage the system using [Assignment: organization-defined system development lifecycle] that incorporates information security and privacy considerations
B. Define and document information security and privacy roles and responsibilities throughout the system development lifecycle
C. Identify individuals having information security and privacy roles and responsibilities
D. Integrate the organizational information security and privacy risk management process into system development lifecycle activities",,,
sa-3.1,SA-3(1),SA,Manage pre-production environment,NIST SP 800-53 Rev. 5.2.0,activity,,"Protect system pre-production environments commensurate with risk throughout the system development lifecycle for the system, system component, or system service.",,,
sa-3.2,SA-3(2),SA,Use of live or operational data,NIST SP 800-53 Rev. 5.2.0,activity,,"a. Approve, document, and control the use of live data in pre-production environments for the system, system component, or system service
b. Protect pre-production environments for the system, system component, or system service at the same impact or classification level as any live data in use within the pre-production environments",,"When using personal information in testing activities, organizations may rely on testing as a consistent use of the information, in accordance with 8(2)(a) of the Privacy Act. For this to be acceptable, individuals must have been given notice about the use of their information for testing, at the point that the personal information was collected and, where appropriate, the associated PIBs need to reflect the use of the information for testing purposes. If individuals were not provided with notice at the point of collection, or if the use of the information for testing purposes is not listed as a consistent use in the associated PIB, program officials should contact their privacy officials for advice about whether this would be considered a consistent use or a secondary use.",
sa-3.3,SA-3(3),SA,Technology refresh,NIST SP 800-53 Rev. 5.2.0,activity,,Plan for and implement a technology refresh schedule for the system throughout the system development lifecycle.,,,
sa-4,SA-4,SA,Acquisition process,NIST SP 800-53 Rev. 5.2.0,control,,"Include the following requirements, descriptions, and criteria, explicitly or by reference, using [Selection (1 or more): standardized contract language; [Assignment: organization-defined contract language]] in the acquisition contract for the system, system component, or system service:
A. security and privacy functional requirements
B. strength of mechanism requirements
C. security and privacy assurance requirements
D. controls needed to satisfy the security and privacy requirements
E. security and privacy documentation requirements
F. requirements for protecting security and privacy documentation
G. a description of the system development environment and the environment in which the system is intended to operate
H. the allocation of responsibility or identification of parties responsible for information security, privacy, and supply chain risk management
I. acceptance criteria",,"Functional requirements for the protection of personal information can be found in the PSPC Supply Manual, Chapter 1, Section 1.70 – Privacy in contracting. The TBS guidance document: Taking Privacy Into Account Before Making Contracting Decisions, presents additional information on the handling of personal information. Functional requirements include the contractual obligations for ownership of personal information, the maintenance of accuracy, privacy and integrity of personal information, limitations to the secondary use or disclosure without consent, disposition of records containing personal information, including returning the records back to the GC if required, acceptance of privacy audit possibilities, privacy breach and privacy complaint mechanisms, and legal requirements to disclose personal information.",
sa-4.1,SA-4(1),SA,Functional properties of controls,NIST SP 800-53 Rev. 5.2.0,control,,"Require the developer of the system, system component, or system service to provide a description of the functional properties of the controls to be implemented.",,,
sa-4.2,SA-4(2),SA,Design and implementation information for controls,NIST SP 800-53 Rev. 5.2.0,control,,"Require the developer of the system, system component, or system service to provide design and implementation information for the controls that includes: [Selection (1 or more): security-relevant external system interfaces; high-level design; low-level design; source code or hardware schematics; [Assignment: organization-defined design and implementation information]] at [Assignment: organization-defined level of detail].",,,
sa-4.3,SA-4(3),SA,"Development methods, techniques, and practices",NIST SP 800-53 Rev. 5.2.0,control,,"Require the developer of the system, system component, or system service to demonstrate the use of a system development lifecycle process that includes:
a. [Assignment: organization-defined systems engineering methods]
b. [Selection (1 or more): [Assignment: organization-defined systems security engineering methods]; [Assignment: organization-defined privacy engineering methods]]
c. [Assignment: organization-defined software development methods; testing, evaluation, assessment, verification, and validation methods; and quality control processes]",,,
sa-4.4,SA-4(4),SA,Assignment of Components to Systems,NIST SP 800-53 Rev. 5.2.0,,withdrawn,,,,
sa-4.5,SA-4(5),SA,"System, component, and service configurations",NIST SP 800-53 Rev. 5.2.0,control,,"Require the developer of the system, system component, or system service to:
a. deliver the system, component, or service with [Assignment: organization-defined security configurations] implemented
b. use the configurations as the default for any subsequent system, component, or service reinstallation or upgrade",,"GC departments and agencies can also refer to the GC System Management Configuration Requirements, as well as to the TBS Standard on Enterprise IT Service Common Configurations.",
sa-4.6,SA-4(6),SA,Use of cyber security products,NIST SP 800-53 Rev. 5.2.0,control,,"a. Employ only government off-the-shelf or COTS cyber security and cyber security-enabled IT products that compose a Cyber Centre-approved solution to protect classified information when the networks used to transmit the information are at a lower classification level than the information being transmitted
b. Ensure that these products have been evaluated or validated by the Cyber Centre or in accordance with Cyber Centre-approved procedures",,COTS cyber security or cyber security-enabled IT products used to protect classified information by cryptographic means may be required to use Cyber Centre-approved key management. See Government of Canada Key Management Infrastructure (GC KMI) for more information (restricted to GC).,
sa-4.7,SA-4(7),SA,Canadian Common Criteria Program - recognized protection profiles,NIST SP 800-53 Rev. 5.2.0,control,,"a. Limit the use of commercially provided cyber security and cyber security-enabled IT products to those products that have been successfully evaluated against a Canadian Common Criteria Program (CCCP) recognized protection profile for a specific technology type, if such a profile exists
b. If no CCCP-recognized protection profile exists for a specific technology type but a commercially provided IT product relies on cryptographic functionality to enforce its security policy, require that the cryptographic module is FIPS-validated or CCCP-recognized",,,
sa-4.8,SA-4(8),SA,Continuous monitoring plan for controls,NIST SP 800-53 Rev. 5.2.0,control,,"Require the developer of the system, system component, or system service to produce a plan for continuous monitoring of control effectiveness that is consistent with the continuous monitoring program of the organization.",,,
sa-4.9,SA-4(9),SA,"Functions, ports, protocols, and services in use",NIST SP 800-53 Rev. 5.2.0,control,,"Require the developer of the system, system component, or system service to identify the functions, ports, protocols, and services intended for organizational use.",,,
sa-4.10,SA-4(10),SA,Use of approved digital credentials products,NIST SP 800-53 Rev. 5.2.0,control,,Employ only IT products that are recommended by the Cyber Centre for digital credentials capability implemented within organizational systems.,,,
sa-4.11,SA-4(11),SA,System of record,NIST SP 800-53 Rev. 5.2.0,control,,Include [Assignment: organization-defined Privacy Act requirements] in the acquisition contract for the operation of a system of record on behalf of an organization to accomplish an organizational mission or function.,,,
sa-4.12,SA-4(12),SA,Data ownership,NIST SP 800-53 Rev. 5.2.0,control,,"a. Include organizational data ownership requirements in the acquisition contract
b. Require all data to be removed from the contractor’s system and returned to the organization within [Assignment: organization-defined time frame]",,,
sa-5,SA-5,SA,System documentation,NIST SP 800-53 Rev. 5.2.0,activity,,"A. Obtain or develop administrator documentation for the system, system component, or system service that describes
1. secure configuration, installation, and operation of the system, component, or service
2. effective use and maintenance of security and privacy functions and mechanisms
3. known vulnerabilities regarding configuration and use of administrative or privileged functions
   B. Obtain or develop user documentation for the system, system component, or system service that describes
4. user-accessible security and privacy functions and mechanisms and how to effectively use those functions and mechanisms
5. methods for user interaction, which enable individuals to use the system, component, or service in a more secure manner and protect individual privacy
6. user responsibilities in maintaining the security of the system, component, or service and privacy of individuals
   C. Document attempts to obtain system, system component, or system service documentation when such documentation is either unavailable or non-existent and take [Assignment: organization-defined actions] in response
   D. Distribute documentation to [Assignment: organization-defined personnel or roles]",,,
sa-5.1,SA-5(1),SA,Functional Properties of Security Controls,NIST SP 800-53 Rev. 5.2.0,,withdrawn,,,,
sa-5.2,SA-5(2),SA,Security-relevant External System Interfaces,NIST SP 800-53 Rev. 5.2.0,,withdrawn,,,,
sa-5.3,SA-5(3),SA,High-level Design,NIST SP 800-53 Rev. 5.2.0,,withdrawn,,,,
sa-5.4,SA-5(4),SA,Low-level Design,NIST SP 800-53 Rev. 5.2.0,,withdrawn,,,,
sa-5.5,SA-5(5),SA,Source Code,NIST SP 800-53 Rev. 5.2.0,,withdrawn,,,,
sa-6,SA-6,SA,Software Usage Restrictions,NIST SP 800-53 Rev. 5.2.0,,withdrawn,,,,
sa-7,SA-7,SA,User-installed Software,NIST SP 800-53 Rev. 5.2.0,,withdrawn,,,,
sa-8,SA-8,SA,Security and privacy engineering principles,NIST SP 800-53 Rev. 5.2.0,control,,"Apply the following systems security and privacy engineering principles in the specification, design, development, implementation, and modification of the system and system components: [Assignment: organization-defined systems security and privacy engineering principles].",,"There are 10 Fair Information Principles that guide privacy protections for federal programs. In general, organizations need policies that dictate privacy policies; limit the collection, use, disclosure, and retention of personal information; and ensure individuals are informed about the handling of their personal information and have the right to access their personal information.",
sa-8.1,SA-8(1),SA,Clear abstractions,NIST SP 800-53 Rev. 5.2.0,control,,Implement the security design principle of clear abstractions.,,,
sa-8.2,SA-8(2),SA,Least common mechanism,NIST SP 800-53 Rev. 5.2.0,control,,Implement the security design principle of least common mechanism in [Assignment: organization-defined systems or system components].,,,
sa-8.3,SA-8(3),SA,Modularity and layering,NIST SP 800-53 Rev. 5.2.0,control,,Implement the security design principles of modularity and layering in [Assignment: organization-defined systems or system components].,,,
sa-8.4,SA-8(4),SA,Partially ordered dependencies,NIST SP 800-53 Rev. 5.2.0,control,,Implement the security design principle of partially ordered dependencies in [Assignment: organization-defined systems or system components].,,,
sa-8.5,SA-8(5),SA,Efficiently mediated access,NIST SP 800-53 Rev. 5.2.0,control,,Implement the security design principle of efficiently mediated access in [Assignment: organization-defined systems or system components].,,,
sa-8.6,SA-8(6),SA,Minimized sharing,NIST SP 800-53 Rev. 5.2.0,control,,Implement the security design principle of minimized sharing in [Assignment: organization-defined systems or system components].,,,
sa-8.7,SA-8(7),SA,Reduced complexity,NIST SP 800-53 Rev. 5.2.0,control,,Implement the security design principle of reduced complexity in [Assignment: organization-defined systems or system components].,,,
sa-8.8,SA-8(8),SA,Secure evolvability,NIST SP 800-53 Rev. 5.2.0,control,,Implement the security design principle of secure evolvability in [Assignment: organization-defined systems or system components].,,,
sa-8.9,SA-8(9),SA,Trusted components,NIST SP 800-53 Rev. 5.2.0,control,,Implement the security design principle of trusted components in [Assignment: organization-defined systems or system components].,,,
sa-8.10,SA-8(10),SA,Hierarchical trust,NIST SP 800-53 Rev. 5.2.0,control,,Implement the security design principle of hierarchical trust in [Assignment: organization-defined systems or system components].,,,
sa-8.11,SA-8(11),SA,Inverse modification threshold,NIST SP 800-53 Rev. 5.2.0,control,,Implement the security design principle of inverse modification threshold in [Assignment: organization-defined systems or system components].,,,
sa-8.12,SA-8(12),SA,Hierarchical protection,NIST SP 800-53 Rev. 5.2.0,control,,Implement the security design principle of hierarchical protection in [Assignment: organization-defined systems or system components].,,,
sa-8.13,SA-8(13),SA,Minimized security elements,NIST SP 800-53 Rev. 5.2.0,control,,Implement the security design principle of minimized security elements in [Assignment: organization-defined systems or system components].,,,
sa-8.14,SA-8(14),SA,Least privilege,NIST SP 800-53 Rev. 5.2.0,control,,Implement the security design principle of least privilege in [Assignment: organization-defined systems or system components].,,,
sa-8.15,SA-8(15),SA,Predicate permission,NIST SP 800-53 Rev. 5.2.0,control,,Implement the security design principle of predicate permission in [Assignment: organization-defined systems or system components].,,,
sa-8.16,SA-8(16),SA,Self-reliant trustworthiness,NIST SP 800-53 Rev. 5.2.0,control,,Implement the security design principle of self-reliant trustworthiness in [Assignment: organization-defined systems or system components].,,,
sa-8.17,SA-8(17),SA,Secure distributed composition,NIST SP 800-53 Rev. 5.2.0,control,,Implement the security design principle of secure distributed composition in [Assignment: organization-defined systems or system components].,,,
sa-8.18,SA-8(18),SA,Trusted communications channels,NIST SP 800-53 Rev. 5.2.0,control,,Implement the security design principle of trusted communications channels in [Assignment: organization-defined systems or system components].,,,
sa-8.19,SA-8(19),SA,Continuous protection,NIST SP 800-53 Rev. 5.2.0,control,,Implement the security design principle of continuous protection in [Assignment: organization-defined systems or system components].,,,
sa-8.20,SA-8(20),SA,Secure metadata management,NIST SP 800-53 Rev. 5.2.0,control,,Implement the security design principle of secure metadata management in [Assignment: organization-defined systems or system components].,,,
sa-8.21,SA-8(21),SA,Self-analysis,NIST SP 800-53 Rev. 5.2.0,control,,Implement the security design principle of self-analysis in [Assignment: organization-defined systems or system components].,,,
sa-8.22,SA-8(22),SA,Accountability and traceability,NIST SP 800-53 Rev. 5.2.0,control,,Implement the security design principle of accountability and traceability in [Assignment: organization-defined systems or system components].,,,
sa-8.23,SA-8(23),SA,Secure defaults,NIST SP 800-53 Rev. 5.2.0,control,,Implement the security design principle of secure defaults in [Assignment: organization-defined systems or system components].,,,
sa-8.24,SA-8(24),SA,Secure failure and recovery,NIST SP 800-53 Rev. 5.2.0,control,,Implement the security design principle of secure failure and recovery in [Assignment: organization-defined systems or system components].,,,
sa-8.25,SA-8(25),SA,Economic security,NIST SP 800-53 Rev. 5.2.0,control,,Implement the security design principle of economic security in [Assignment: organization-defined systems or system components].,,,
sa-8.26,SA-8(26),SA,Performance security,NIST SP 800-53 Rev. 5.2.0,control,,Implement the security design principle of performance security in [Assignment: organization-defined systems or system components].,,,
sa-8.27,SA-8(27),SA,Human-factored security,NIST SP 800-53 Rev. 5.2.0,control,,Implement the security design principle of human factored security in [Assignment: organization-defined systems or system components].,,,
sa-8.28,SA-8(28),SA,Acceptable security,NIST SP 800-53 Rev. 5.2.0,control,,Implement the security design principle of acceptable security in [Assignment: organization-defined systems or system components].,,,
sa-8.29,SA-8(29),SA,Repeatable and documented procedures,NIST SP 800-53 Rev. 5.2.0,control,,Implement the security design principle of repeatable and documented procedures in [Assignment: organization-defined systems or system components].,,,
sa-8.30,SA-8(30),SA,Procedural rigour,NIST SP 800-53 Rev. 5.2.0,control,,Implement the security design principle of procedural rigour in [Assignment: organization-defined systems or system components].,,,
sa-8.31,SA-8(31),SA,Secure system modification,NIST SP 800-53 Rev. 5.2.0,control,,Implement the security design principle of secure system modification in [Assignment: organization-defined systems or system components].,,,
sa-8.32,SA-8(32),SA,Sufficient documentation,NIST SP 800-53 Rev. 5.2.0,control,,Implement the security design principle of sufficient documentation in [Assignment: organization-defined systems or system components].,,,
sa-8.33,SA-8(33),SA,Minimization,NIST SP 800-53 Rev. 5.2.0,control,,Implement the privacy principle of minimization using [Assignment: organization-defined processes].,,This enhancement is mandatory for GC departments and agencies.,
sa-8.400,SA-8(400),SA,Licensed and certified engineers,CCCS,control,,"Employ licensed and certified security engineers that assume responsibility for the specification, design, development, and implementation of information system security and privacy solutions.",,,
sa-9,SA-9,SA,External system services,NIST SP 800-53 Rev. 5.2.0,control,,"A. Require that providers of external system services comply with organizational security and privacy requirements and employ the following controls: [Assignment: organization-defined controls]
B. Define and document organizational oversight and user roles and responsibilities with regard to external system services
C. Employ the following processes, methods, and techniques to monitor control compliance by external service providers on an ongoing basis: [Assignment: organization-defined processes, methods, and techniques]",,,
sa-9.1,SA-9(1),SA,Risk assessments and organizational approvals,NIST SP 800-53 Rev. 5.2.0,control,,"a. Conduct an organizational risk assessment prior to acquiring or outsourcing information security services
b. Verify that the acquisition or outsourcing of dedicated information security services is approved by [Assignment: organization-defined personnel or roles]",,,
sa-9.2,SA-9(2),SA,"Identification of functions, ports, protocols, and services",NIST SP 800-53 Rev. 5.2.0,control,,"Require providers of the following external system services to identify the functions, ports, protocols, and other services required for the use of such services: [Assignment: organization-defined external system services].",,,
sa-9.3,SA-9(3),SA,Establish and maintain trust relationship with providers,NIST SP 800-53 Rev. 5.2.0,control,,"Establish, document, and maintain trust relationships with external service providers based on the following requirements, properties, factors, or conditions: [Assignment: organization-defined security and privacy requirements, properties, factors, or conditions defining acceptable trust relationships].",,,
sa-9.4,SA-9(4),SA,Consistent interests of consumers and providers,NIST SP 800-53 Rev. 5.2.0,control,,Take the following actions to verify that the interests of [Assignment: organization-defined external service providers] are consistent with and reflect organizational interests: [Assignment: organization-defined actions].,,,
sa-9.5,SA-9(5),SA,"Processing, storage, and service location",NIST SP 800-53 Rev. 5.2.0,control,,Restrict the location of [Selection (1 or more): information processing; information or data; system services] to [Assignment: organization-defined locations] based on [Assignment: organization-defined requirements or conditions].,,,
sa-9.6,SA-9(6),SA,Organization-controlled cryptographic keys,NIST SP 800-53 Rev. 5.2.0,control,,Maintain exclusive control of cryptographic keys for encrypted material stored or transmitted through an external system.,,,
sa-9.7,SA-9(7),SA,Organization-controlled integrity checking,NIST SP 800-53 Rev. 5.2.0,control,,Provide the capability to check the integrity of information while it resides in the external system.,,,
sa-9.8,SA-9(8),SA,Processing and storage location—within Canada,NIST SP 800-53 Rev. 5.2.0,control,,Restrict the geographic location of information processing and data storage to facilities located within the legal jurisdictional boundary of Canada.,,,
sa-10,SA-10,SA,Developer configuration management,NIST SP 800-53 Rev. 5.2.0,activity,,"Require the developer of the system, system component, or system service to:
A. perform configuration management during system, component, or service [Selection (1 or more): design; development; implementation; operation; disposal]
B. document, manage, and control the integrity of changes to [Assignment: organization-defined configuration items under configuration management]
C. implement only organization-approved changes to the system, component, or service
D. document approved changes to the system, component, or service and the potential security and privacy impacts of such changes
E. track security flaws and flaw resolution within the system, component, or service and report findings to [Assignment: organization-defined personnel]",,,
sa-10.1,SA-10(1),SA,Software and firmware integrity verification,NIST SP 800-53 Rev. 5.2.0,activity,,"Require the developer of the system, system component, or system service to enable integrity verification of software and firmware components.",,,
sa-10.2,SA-10(2),SA,Alternative configuration management processes,NIST SP 800-53 Rev. 5.2.0,activity,,Provide an alternate configuration management process using organizational personnel in the absence of a dedicated developer configuration management team.,,,
sa-10.3,SA-10(3),SA,Hardware integrity verification,NIST SP 800-53 Rev. 5.2.0,activity,,"Require the developer of the system, system component, or system service to enable integrity verification of hardware components.",,,
sa-10.4,SA-10(4),SA,Trusted generation,NIST SP 800-53 Rev. 5.2.0,activity,,"Require the developer of the system, system component, or system service to employ tools for comparing newly generated versions of security-relevant hardware descriptions, source code, and object code with previous versions.",,,
sa-10.5,SA-10(5),SA,Mapping integrity for version control,NIST SP 800-53 Rev. 5.2.0,activity,,"Require the developer of the system, system component, or system service to maintain the integrity of the mapping between the master build data describing the current version of security-relevant hardware, software, and firmware and the onsite master copy of the data for the current version.",,,
sa-10.6,SA-10(6),SA,Trusted distribution,NIST SP 800-53 Rev. 5.2.0,activity,,"Require the developer of the system, system component, or system service to execute procedures for ensuring that security-relevant hardware, software, and firmware updates distributed to the organization are exactly as specified by the master copies.",,,
sa-10.7,SA-10(7),SA,Security and privacy representatives,NIST SP 800-53 Rev. 5.2.0,activity,,Require [Assignment: organization-defined security and privacy representatives] to be included in the [Assignment: organization-defined configuration change management and control process].,,,
sa-11,SA-11,SA,Developer testing and evaluation,NIST SP 800-53 Rev. 5.2.0,activity,,"At all post-design stages of the system development lifecycle, require the developer of the system, system component, or system service to:
A. develop and implement a plan for ongoing security and privacy control assessments
B. perform [Selection (1 or more): unit; integration; system; regression] testing/evaluation [Assignment: organization-defined frequency] at [Assignment: organization-defined depth and coverage]
C. produce evidence of the execution of the assessment plan and the results of the testing and evaluation
D. implement a verifiable flaw remediation process
E. correct flaws identified during testing and evaluation",,,
sa-11.1,SA-11(1),SA,Static code analysis,NIST SP 800-53 Rev. 5.2.0,activity,,"Require the developer of the system, system component, or system service to employ static code analysis tools to identify common flaws and to document the results of the analysis.",,,
sa-11.2,SA-11(2),SA,Threat modelling and vulnerability analyses,NIST SP 800-53 Rev. 5.2.0,activity,,"Require the developer of the system, system component, or system service to perform threat modelling and vulnerability analyses during the development and the subsequent testing and evaluation of the system, component, or service that:
a. uses the following contextual information: [Assignment: organization-defined information concerning impact, environment of operations, known or assumed threats, and acceptable risk levels]
b. employs the following tools and methods: [Assignment: organization-defined tools and methods]
c. conducts the modelling and analyses at the following level of rigour: [Assignment: organization-defined breadth and depth of modelling and analyses]
d. produces evidence that meets the following acceptance criteria: [Assignment: organization-defined acceptance criteria]",,,
sa-11.3,SA-11(3),SA,Independent verification of assessment plans and evidence,NIST SP 800-53 Rev. 5.2.0,activity,,"a. Require an independent agent satisfying [Assignment: organization-defined independence criteria] to verify the correct implementation of the developer security and privacy assessment plans and the evidence produced during testing and evaluation
b. Verify that the independent agent is provided with sufficient information to complete the verification process or granted the authority to obtain such information",,,
sa-11.4,SA-11(4),SA,Manual code reviews,NIST SP 800-53 Rev. 5.2.0,activity,,"Require the developer of the system, system component, or system service to perform a manual code review of [Assignment: organization-defined specific code] using the following processes, procedures, and/or techniques: [Assignment: organization-defined processes, procedures, and/or techniques].",,,
sa-11.5,SA-11(5),SA,Penetration testing,NIST SP 800-53 Rev. 5.2.0,activity,,"Require the developer of the system, system component, or system service to perform penetration testing:
a. at the following level of rigour: [Assignment: organization-defined breadth and depth of testing]
b. under the following constraints: [Assignment: organization-defined constraints]",,,
sa-11.6,SA-11(6),SA,Attack surface reviews,NIST SP 800-53 Rev. 5.2.0,activity,,"Require the developer of the system, system component, or system service to perform attack surface reviews.",,,
sa-11.7,SA-11(7),SA,Verify scope of testing and evaluation,NIST SP 800-53 Rev. 5.2.0,activity,,"Require the developer of the system, system component, or system service to verify that the scope of testing and evaluation provides complete coverage of the required controls at the following level of rigour: [Assignment: organization-defined breadth and depth of testing and evaluation].",,,
sa-11.8,SA-11(8),SA,Dynamic code analysis,NIST SP 800-53 Rev. 5.2.0,activity,,"Require the developer of the system, system component, or system service to employ dynamic code analysis tools to identify common flaws and document the results of the analysis.",,,
sa-11.9,SA-11(9),SA,Interactive application security testing,NIST SP 800-53 Rev. 5.2.0,activity,,"Require the developer of the system, system component, or system service to employ interactive application security testing tools to identify flaws and document the results.",,,
sa-12,SA-12,SA,Supply Chain Protection,NIST SP 800-53 Rev. 5.2.0,,withdrawn,,,,
sa-12.1,SA-12(1),SA,Acquisition Strategies / Tools / Methods,NIST SP 800-53 Rev. 5.2.0,,withdrawn,,,,
sa-12.2,SA-12(2),SA,Supplier Reviews,NIST SP 800-53 Rev. 5.2.0,,withdrawn,,,,
sa-12.3,SA-12(3),SA,Trusted Shipping and Warehousing,NIST SP 800-53 Rev. 5.2.0,,withdrawn,,,,
sa-12.4,SA-12(4),SA,Diversity of Suppliers,NIST SP 800-53 Rev. 5.2.0,,withdrawn,,,,
sa-12.5,SA-12(5),SA,Limitation of Harm,NIST SP 800-53 Rev. 5.2.0,,withdrawn,,,,
sa-12.6,SA-12(6),SA,Minimizing Procurement Time,NIST SP 800-53 Rev. 5.2.0,,withdrawn,,,,
sa-12.7,SA-12(7),SA,Assessments Prior to Selection / Acceptance / Update,NIST SP 800-53 Rev. 5.2.0,,withdrawn,,,,
sa-12.8,SA-12(8),SA,Use of All-source Intelligence,NIST SP 800-53 Rev. 5.2.0,,withdrawn,,,,
sa-12.9,SA-12(9),SA,Operations Security,NIST SP 800-53 Rev. 5.2.0,,withdrawn,,,,
sa-12.10,SA-12(10),SA,Validate as Genuine and Not Altered,NIST SP 800-53 Rev. 5.2.0,,withdrawn,,,,
sa-12.11,SA-12(11),SA,"Penetration Testing / Analysis of Elements, Processes, and Actors",NIST SP 800-53 Rev. 5.2.0,,withdrawn,,,,
sa-12.12,SA-12(12),SA,Inter-organizational Agreements,NIST SP 800-53 Rev. 5.2.0,,withdrawn,,,,
sa-12.13,SA-12(13),SA,Critical Information System Components,NIST SP 800-53 Rev. 5.2.0,,withdrawn,,,,
sa-12.14,SA-12(14),SA,Identity and Traceability,NIST SP 800-53 Rev. 5.2.0,,withdrawn,,,,
sa-12.15,SA-12(15),SA,Processes to Address Weaknesses or Deficiencies,NIST SP 800-53 Rev. 5.2.0,,withdrawn,,,,
sa-13,SA-13,SA,Trustworthiness,NIST SP 800-53 Rev. 5.2.0,,withdrawn,,,,
sa-14,SA-14,SA,Criticality Analysis,NIST SP 800-53 Rev. 5.2.0,,withdrawn,,,,
sa-14.1,SA-14(1),SA,Critical Components with No Viable Alternative Sourcing,NIST SP 800-53 Rev. 5.2.0,,withdrawn,,,,
sa-15,SA-15,SA,"Development process, standards, and tools",NIST SP 800-53 Rev. 5.2.0,activity,,"A. Require the developer of the system, system component, or system service to follow a documented development process that
1. explicitly addresses security and privacy requirements
2. identifies the standards and tools used in the development process
3. documents the specific tool options and tool configurations used in the development process
4. documents, manages, and ensures the integrity of changes to the process and/or tools used in development
   B. Review the development process, standards, tools, tool options, and tool configurations [Assignment: organization-defined frequency] to determine if the process, standards, tools, tool options, and tool configurations selected and employed can satisfy the following security and privacy requirements: [Assignment: organization-defined security and privacy requirements]",,,
sa-15.1,SA-15(1),SA,Quality metrics,NIST SP 800-53 Rev. 5.2.0,activity,,"Require the developer of the system, system component, or system service to:
a. define quality metrics at the beginning of the development process
b. provide evidence of meeting the quality metrics [Selection (1 or more): [Assignment: organization-defined frequency]; [Assignment: organization-defined program review milestones]; upon delivery]",,,
sa-15.2,SA-15(2),SA,Security and privacy control traceability tools,NIST SP 800-53 Rev. 5.2.0,activity,,"Require the developer of the system, system component, or system service to select and employ security and privacy controls traceability tools for use during the development process.",,,
sa-15.3,SA-15(3),SA,Criticality analysis,NIST SP 800-53 Rev. 5.2.0,activity,,"Require the developer of the system, system component, or system service to perform a criticality analysis:
a. at the following decision points in the system development lifecycle: [Assignment: organization-defined decision points in the system development lifecycle]
b. at the following level of rigour: [Assignment: organization-defined breadth and depth of criticality analysis]",,,
sa-15.4,SA-15(4),SA,Threat Modeling and Vulnerability Analysis,NIST SP 800-53 Rev. 5.2.0,,withdrawn,,,,
sa-15.5,SA-15(5),SA,Attack surface reduction,NIST SP 800-53 Rev. 5.2.0,activity,,"Require the developer of the system, system component, or system service to reduce attack surfaces to [Assignment: organization-defined thresholds].",,,
sa-15.6,SA-15(6),SA,Continuous improvement,NIST SP 800-53 Rev. 5.2.0,activity,,"Require the developer of the system, system component, or system service to implement an explicit process to continuously improve the development process.",,,
sa-15.7,SA-15(7),SA,Automated vulnerability analysis,NIST SP 800-53 Rev. 5.2.0,activity,,"Require the developer of the system, system component, or system service [Assignment: organization-defined frequency] to:
a. perform an automated vulnerability analysis using [Assignment: organization-defined tools]
b. determine the exploitation potential for discovered vulnerabilities
c. determine potential risk mitigations for delivered vulnerabilities
d. deliver the outputs of the tools and results of the analysis to [Assignment: organization-defined personnel or roles]",,,
sa-15.8,SA-15(8),SA,Reuse of threat and vulnerability information,NIST SP 800-53 Rev. 5.2.0,activity,,"Require the developer of the system, system component, or system service to use threat modelling and vulnerability analyses from similar systems, components, or services to inform the current development process.",,,
sa-15.9,SA-15(9),SA,Use of Live Data,NIST SP 800-53 Rev. 5.2.0,,withdrawn,,,,
sa-15.10,SA-15(10),SA,Incident response plan,NIST SP 800-53 Rev. 5.2.0,activity,,"Require the developer of the system, system component, or system service to provide, implement, and test an incident response plan.",,,
sa-15.11,SA-15(11),SA,Archive system or component,NIST SP 800-53 Rev. 5.2.0,activity,,Require the developer of the system or system component to archive the system or component to be released or delivered together with the corresponding evidence supporting the final security and privacy review.,,,
sa-15.12,SA-15(12),SA,Minimize personal information,NIST SP 800-53 Rev. 5.2.0,activity,,Require the developer of the system or system component to minimize the use of personal information in development and test environments.,,"Development and test environments should not be conducted using identifiable personal information, except in exceptional circumstances. It is recommended that system testing be completed using dummy data, scrambled data, or personal information that is otherwise obfuscated. At times, system testing may be outsourced. Even with obfuscated personal information, it is recommended that contracting documents require the deletion of testing data by the third-party vendor when development or testing is complete, to protect against the possibility of re-identification and breach.",
sa-15.13,SA-15(13),SA,Logging syntax,NIST SP 800-53 Rev. 5.2.0,,,"Require the developer of the system, system component, or system service to use [Assignment: organization-defined secure logging format] to log [assignment: organization-defined event types] at [assignment: organization-defined level of detail].",,,
sa-16,SA-16,SA,Developer-provided training,NIST SP 800-53 Rev. 5.2.0,control,,"Require the developer of the system, system component, or system service to provide the following training on the correct use and operation of the implemented security and privacy functions, controls, and/or mechanisms: [Assignment: organization-defined training].",,,
sa-17,SA-17,SA,Developer security and privacy architecture and design,NIST SP 800-53 Rev. 5.2.0,activity,,"Require the developer of the system, system component, or system service to produce a design specification and security and privacy architecture that:
A. is consistent with the organization’s security and privacy architecture that is an integral part the organization’s enterprise architecture
B. accurately and completely describes the required security and privacy functionality and the allocation of controls among physical and logical components
C. expresses how individual security and privacy functions, mechanisms, and services work together to provide required security and privacy capabilities and a unified approach to protection",,,
sa-17.1,SA-17(1),SA,Formal policy model,NIST SP 800-53 Rev. 5.2.0,activity,,"Require the developer of the system, system component, or system service to:
a. produce, as an integral part of the development process, a formal policy model describing the [Assignment: organization-defined elements of organizational security and privacy policy] to be enforced
b. prove that the formal policy model is internally consistent and sufficient to enforce the defined elements of the organizational security and privacy policy when implemented",,,
sa-17.2,SA-17(2),SA,Security-relevant components,NIST SP 800-53 Rev. 5.2.0,activity,,"Require the developer of the system, system component, or system service to:
a. define security-relevant hardware, software, and firmware
b. provide a rationale that the definition for security-relevant hardware, software, and firmware is complete",,,
sa-17.3,SA-17(3),SA,Formal correspondence,NIST SP 800-53 Rev. 5.2.0,activity,,"Require the developer of the system, system component, or system service to:
a. produce, as an integral part of the development process, a formal top-level specification that specifies the interfaces to security-relevant hardware, software, and firmware in terms of exceptions, error messages, and effects
b. show, via proof to the extent feasible with additional informal demonstration as necessary, that the formal top-level specification is consistent with the formal policy model
c. show, via informal demonstration, that the formal top-level specification completely covers the interfaces to security-relevant hardware, software, and firmware
d. show that the formal top-level specification is an accurate description of the implemented security-relevant hardware, software, and firmware
e. describe the security-relevant hardware, software, and firmware mechanisms not addressed in the formal top-level specification but strictly internal to the security-relevant hardware, software, and firmware",,,
sa-17.4,SA-17(4),SA,Informal correspondence,NIST SP 800-53 Rev. 5.2.0,activity,,"Require the developer of the system, system component, or system service to:
a. produce, as an integral part of the development process, an informal descriptive top-level specification that specifies the interfaces to security-relevant hardware, software, and firmware in terms of exceptions, error messages, and effects
b. show, via [Selection (1): informal demonstration; convincing argument with formal methods as feasible], that the descriptive top-level specification is consistent with the formal policy model
c. show, via informal demonstration, that the descriptive top-level specification completely covers the interfaces to security-relevant hardware, software, and firmware
d. show that the descriptive top-level specification is an accurate description of the interfaces to security-relevant hardware, software, and firmware
e. describe the security-relevant hardware, software, and firmware mechanisms not addressed in the descriptive top-level specification but strictly internal to the security-relevant hardware, software, and firmware",,,
sa-17.5,SA-17(5),SA,Conceptually simple design,NIST SP 800-53 Rev. 5.2.0,activity,,"Require the developer of the system, system component, or system service to:
a. design and structure the security-relevant hardware, software, and firmware to use a complete, conceptually simple protection mechanism with precisely defined semantics
b. internally structure the security-relevant hardware, software, and firmware with specific regard for this mechanism",,,
sa-17.6,SA-17(6),SA,Structure for testing,NIST SP 800-53 Rev. 5.2.0,activity,,"Require the developer of the system, system component, or system service to structure security-relevant hardware, software, and firmware to facilitate testing.",,,
sa-17.7,SA-17(7),SA,Structure for least privilege,NIST SP 800-53 Rev. 5.2.0,activity,,"Require the developer of the system, system component, or system service to structure security-relevant hardware, software, and firmware to facilitate controlling access with least privilege.",,,
sa-17.8,SA-17(8),SA,Orchestration,NIST SP 800-53 Rev. 5.2.0,activity,,"Design [Assignment: organization-defined critical systems or system components] with coordinated behaviour to implement the following capabilities: [Assignment: organization-defined capabilities, by system or component].",,,
sa-17.9,SA-17(9),SA,Design diversity,NIST SP 800-53 Rev. 5.2.0,activity,,Use different designs for [Assignment: organization-defined critical systems or system components] to satisfy a common set of requirements or to provide equivalent functionality.,,,
sa-18,SA-18,SA,Tamper Resistance and Detection,NIST SP 800-53 Rev. 5.2.0,,withdrawn,,,,
sa-18.1,SA-18(1),SA,Multiple Phases of System Development Life Cycle,NIST SP 800-53 Rev. 5.2.0,,withdrawn,,,,
sa-18.2,SA-18(2),SA,Inspection of Systems or Components,NIST SP 800-53 Rev. 5.2.0,,withdrawn,,,,
sa-19,SA-19,SA,Component Authenticity,NIST SP 800-53 Rev. 5.2.0,,withdrawn,,,,
sa-19.1,SA-19(1),SA,Anti-counterfeit Training,NIST SP 800-53 Rev. 5.2.0,,withdrawn,,,,
sa-19.2,SA-19(2),SA,Configuration Control for Component Service and Repair,NIST SP 800-53 Rev. 5.2.0,,withdrawn,,,,
sa-19.3,SA-19(3),SA,Component Disposal,NIST SP 800-53 Rev. 5.2.0,,withdrawn,,,,
sa-19.4,SA-19(4),SA,Anti-counterfeit Scanning,NIST SP 800-53 Rev. 5.2.0,,withdrawn,,,,
sa-20,SA-20,SA,Customized development of critical components,NIST SP 800-53 Rev. 5.2.0,control,,Reimplement or custom develop the following critical system components: [Assignment: organization-defined critical system components].,,,
sa-21,SA-21,SA,Developer screening,NIST SP 800-53 Rev. 5.2.0,control,,"Require that the developer of [Assignment: organization-defined system, system component, or system service]:
A. has appropriate access authorizations as determined by assigned [Assignment: organization-defined official government duties]
B. satisfies the following additional personnel screening criteria: [Assignment: organization-defined additional personnel screening criteria]",,,
sa-21.1,SA-21(1),SA,Validation of Screening,NIST SP 800-53 Rev. 5.2.0,,withdrawn,,,,
sa-22,SA-22,SA,Unsupported system components,NIST SP 800-53 Rev. 5.2.0,control,,"A. Replace system components when support for the components is no longer available from the developer, vendor, or manufacturer
B. Provide the following options for alternative sources for continued support for unsupported components [Selection (1 or more): in-house support; [Assignment: organization-defined support from external providers]]",,,
sa-22.1,SA-22(1),SA,Alternative Sources for Continued Support,NIST SP 800-53 Rev. 5.2.0,,withdrawn,,,,
sa-23,SA-23,SA,Specialization,NIST SP 800-53 Rev. 5.2.0,activity,,Employ [Selection (1 or more): design; modification; augmentation; reconfiguration] on [Assignment: organization-defined systems or system components] supporting mission-essential services or functions to increase the robustness in those systems or components.,,,
sa-24,SA-24,SA,Design for cyber resiliency,NIST SP 800-53 Rev. 5.2.0,control,,"A. Design organizational systems, system components, or system services to achieve cyber resiliency by:
1. defining the following cyber resiliency goals: [Assignment: organization-defined cyber resiliency goals]
2. defining the following cyber resiliency objectives: [Assignment: organization-defined cyber resiliency objectives]
3. defining the following cyber resiliency techniques: [Assignment: organization-defined cyber resiliency techniques]
4. defining the following cyber resiliency implementation approaches: [Assignment: organization-defined cyber resiliency implementation approaches]
5. defining the following cyber resiliency design principles: [Assignment: organization-defined cyber resiliency design principles]
   B. Implement and review the selected cyber resiliency goals, objectives, techniques, implementation approaches, and design principles as part of an organizational risk management process or systems security engineering process",,,
sa-400,SA-400,SA,Sovereignty and jurisdiction,CCCS,control,,"Require the organizational business function to conduct a sovereignty and jurisdiction threat and risk assessment process at the [Selection (one or more): organization-level; mission/business-level; system-level] that:
A. conducts an injury assessment to determine the maximum potential injuries that may be suffered due to external legal compulsion of the business functions or information assets by
  1. considering the business needs for security including any laws or regulations which require that data not be disclosed or compromised
  2. updating the security categorization of the business functions or information assets
  3. documenting the negative consequences of legal compulsion
B. performs jurisdiction-specific threat assessment that establishes a likelihood of being targeted
C. undertakes a vulnerability assessment to evaluate the potential means by which the external jurisdiction could exploit the business functions or information assets
D. completes a jurisdiction-specific risk assessment",,"The TBS Directive on Service and Digital, section 4.4.3.14 requires that sensitive information or data that is classified or categorized as Protected B or Protected C be located within Canadian jurisdiction as the principal delivery option. Canadian jurisdiction refers to the geographic boundaries of Canada or within the boundary of a diplomatic or consular mission of the GC abroad. The Cyber Centre recommends that all data and business functions of significant sensitivity be retained within Canadian jurisdictions.",
sa-400.1,SA-400(1),SA,Threat and risk assessment,CCCS,control,,"Require the organization to perform threat and risk assessments in relation to data sovereignty, considering its jurisdiction and by which surfaces legal compulsion may be effective.",,,
sa-400.2,SA-400(2),SA,Legal and contractual assessment,CCCS,control,,Evaluate security assurance for business processes via legal or contractual mechanisms.,,,
sa-400.3,SA-400(3),SA,Business process attribute marking,CCCS,control,,Ensure business processes receive the intended handling with respect to legal jurisdiction.,,,
sa-400.4,SA-400(4),SA,Protection of data at rest,CCCS,control,,Prevent data from residing in any other legal jurisdiction.,,,
sa-400.5,SA-400(5),SA,Protection of data in transit,CCCS,control,,Prevent data from transiting through any other legal jurisdiction.,,,
sa-400.6,SA-400(6),SA,Protection of data in use,CCCS,control,,Prevent data from being used in any other legal jurisdiction.,,,
sa-400.7,SA-400(7),SA,Protection against extraterritorial compulsion,CCCS,control,,Prevent business functions from being compromised by individuals or corporations that are being compelled by a different legal jurisdiction.,,,
sa-400.8,SA-400(8),SA,Protection of business lifecycle,CCCS,control,,Prevent business functions from being compromised by lifecycle attacks embedded via legal compulsion in or from a different legal jurisdiction.,,,
sa-400.9,SA-400(9),SA,Public ownership,CCCS,control,,Prevent business functions from being compromised by ownership transfer of lifecycle functions to a different legal jurisdiction.,,,
sc-1,SC-1,SC,System and communications protection policy and procedures,NIST SP 800-53 Rev. 5.2.0,activity,,"A. Develop, document, and disseminate to [Assignment: organization-defined personnel or roles]
1. [Selection (1 or more): Organization-level; Mission/business process-level; System-level] system and communications protection policy that
   a. addresses purpose, scope, roles, responsibilities, management commitment, coordination among organizational entities, and compliance
   b. is consistent with applicable laws, Orders in Council, directives, regulations, policies, standards, and guidelines
2. procedures to facilitate the implementation of the system and communications protection policy and the associated system and communications protection controls
   B. Designate an [Assignment: organization-defined official] to manage the development, documentation, and dissemination of the system and communications protection policy and procedures
   C. Review and update the current system and communications protection
3. policy [Assignment: organization-defined frequency] and following [Assignment: organization-defined events]
4. procedures [Assignment: organization-defined frequency] and following [Assignment: organization-defined events]",,,
sc-2,SC-2,SC,Separation of system and user functionality,NIST SP 800-53 Rev. 5.2.0,control,,"Separate user functionality, including user interface services, from system management functionality.",,,
sc-2.1,SC-2(1),SC,Interfaces for non-privileged users,NIST SP 800-53 Rev. 5.2.0,control,,Prevent the presentation of system management functionality at interfaces to non-privileged users.,,,
sc-2.2,SC-2(2),SC,Disassociability,NIST SP 800-53 Rev. 5.2.0,control,,Store state information separately from applications and software.,,,
sc-3,SC-3,SC,Security function isolation,NIST SP 800-53 Rev. 5.2.0,control,,Isolate security functions from non-security functions.,,,
sc-3.1,SC-3(1),SC,Hardware separation,NIST SP 800-53 Rev. 5.2.0,control,,Employ hardware separation mechanisms to implement security function isolation.,,,
sc-3.2,SC-3(2),SC,Access and flow control functions,NIST SP 800-53 Rev. 5.2.0,control,,Isolate security functions enforcing access and information flow control from non-security functions and from other security functions.,,,
sc-3.3,SC-3(3),SC,Minimize non-security functionality,NIST SP 800-53 Rev. 5.2.0,control,,Minimize the number of non-security functions included within the isolation boundary containing security functions.,,,
sc-3.4,SC-3(4),SC,Module coupling and cohesiveness,NIST SP 800-53 Rev. 5.2.0,control,,Implement security functions as largely independent modules that maximize internal cohesiveness within modules and minimize coupling between modules.,,,
sc-3.5,SC-3(5),SC,Layered structures,NIST SP 800-53 Rev. 5.2.0,control,,"Implement security functions as a layered structure, minimizing interactions between layers of the design and avoiding any dependence by lower layers on the functionality or correctness of higher layers.",,,
sc-4,SC-4,SC,Information in shared system resources,NIST SP 800-53 Rev. 5.2.0,control,,Prevent unauthorized and unintended information transfer via shared system resources.,,,
sc-4.1,SC-4(1),SC,Security Levels,NIST SP 800-53 Rev. 5.2.0,,withdrawn,,,,
sc-4.2,SC-4(2),SC,Multilevel or periods processing,NIST SP 800-53 Rev. 5.2.0,control,,Prevent unauthorized information transfer via shared resources in accordance with [Assignment: organization-defined procedures] when system processing explicitly switches between different information classification levels or security categories.,,,
sc-5,SC-5,SC,Denial-of-service protection,NIST SP 800-53 Rev. 5.2.0,control,,"A. [Selection (1): Protect against; Limit] the effects of the following types of denial-of-service events: [Assignment: organization-defined types of denial-of-service events]
B. Employ the following controls to achieve the denial-of-service objective: [Assignment: organization-defined controls by type of denial-of-service event]",,,
sc-5.1,SC-5(1),SC,Restrict ability to attack other systems,NIST SP 800-53 Rev. 5.2.0,control,,Restrict the ability of individuals to launch the following denial-of-service attacks against other systems: [Assignment: organization-defined denial-of-service attacks].,,,
sc-5.2,SC-5(2),SC,"Capacity, bandwidth, and redundancy",NIST SP 800-53 Rev. 5.2.0,control,,"Manage capacity, bandwidth, or other redundancy to limit the effects of information flooding denial-of-service attacks.",,,
sc-5.3,SC-5(3),SC,Detection and monitoring,NIST SP 800-53 Rev. 5.2.0,control,,"a. Employ the following monitoring tools to detect indicators of denial-of-service attacks against, or launched from, the system: [Assignment: organization-defined monitoring tools]
b. Monitor the following system resources to determine if sufficient resources exist to prevent effective denial-of-service attacks: [Assignment: organization-defined system resources]",,,
sc-6,SC-6,SC,Resource availability,NIST SP 800-53 Rev. 5.2.0,control,,Protect the availability of resources by allocating [Assignment: organization-defined resources] by [Selection (1 or more): priority; quota; [Assignment: organization-defined controls]].,,,
sc-7,SC-7,SC,Boundary protection,NIST SP 800-53 Rev. 5.2.0,control,,"A. Monitor and control communications at the external managed interfaces to the system and at key internal managed interfaces within the system
B. Implement subnetworks for publicly accessible system components that are [Selection (1): physically; logically] separated from internal organizational networks
C. Connect to external networks or systems only through managed interfaces consisting of boundary protection devices arranged in accordance with an organizational security and privacy architecture",,,
sc-7.1,SC-7(1),SC,Physically Separated Subnetworks,NIST SP 800-53 Rev. 5.2.0,,withdrawn,,,,
sc-7.2,SC-7(2),SC,Public Access,NIST SP 800-53 Rev. 5.2.0,,withdrawn,,,,
sc-7.3,SC-7(3),SC,Access points,NIST SP 800-53 Rev. 5.2.0,control,,Limit the number of external network connections to the system.,,"The TBS Directive on Service and Digital, Appendix F: Standard on Enterprise Information Technology Usage Restrictions is an example of a federal guideline that requires limits on the number of external network connections. It requires that local Internet access services be obtained through SSC.",
sc-7.4,SC-7(4),SC,External telecommunications services,NIST SP 800-53 Rev. 5.2.0,control,,"a. Implement a managed interface for each external telecommunication service
b. Establish a traffic flow policy for each managed interface
c. Protect the confidentiality and integrity of the information being transmitted across each interface
d. Document each exception to the traffic flow policy with a supporting mission or business need and the duration of that need
e. Review exceptions to the traffic flow policy [Assignment: organization-defined frequency] and remove exceptions that are no longer supported by an explicit mission or business need
f. Prevent unauthorized exchange of control plane traffic with external networks
g. Publish information to enable remote networks to detect unauthorized control plane traffic from internal networks
h. Filter unauthorized control plane traffic from external networks",,,
sc-7.5,SC-7(5),SC,Deny by default – allow by exception,NIST SP 800-53 Rev. 5.2.0,control,,Deny network communications traffic by default and allow network communications traffic by exception [Selection (1 or more): at managed interfaces; for [Assignment: organization-defined systems]].,,,
sc-7.6,SC-7(6),SC,Response to Recognized Failures,NIST SP 800-53 Rev. 5.2.0,,withdrawn,,,,
sc-7.7,SC-7(7),SC,Split tunneling for remote devices,NIST SP 800-53 Rev. 5.2.0,control,,Prevent split tunneling for remote devices connecting to organizational systems unless the split tunnel is securely provisioned using [Assignment: organization-defined safeguards].,,"As per the TBS Directive on Service and Digital, Appendix G: Standard on Enterprise Information Technology Service Common Configurations – Endpoint Management Configuration Requirements, split tunneling is disabled except for domains that are included in the list approved by the GC Enterprise Architecture Review Board. All other network traffic to or from the Internet must flow through the GC-approved pathways to the Internet rather than via a direct connection to the Internet.",
sc-7.8,SC-7(8),SC,Route traffic to authenticated proxy servers,NIST SP 800-53 Rev. 5.2.0,control,,Route [Assignment: organization-defined internal communications traffic] to [Assignment: organization-defined external networks] through authenticated proxy servers at managed interfaces.,,,
sc-7.9,SC-7(9),SC,Restrict threatening outgoing communications traffic,NIST SP 800-53 Rev. 5.2.0,control,,"a. Detect and deny outgoing communications traffic posing a threat to external systems
b. Audit the identity of internal users associated with denied communications",,,
sc-7.10,SC-7(10),SC,Prevent exfiltration,NIST SP 800-53 Rev. 5.2.0,control,,"a. Prevent the exfiltration of information
b. Conduct exfiltration tests [Assignment: organization-defined frequency]",,,
sc-7.11,SC-7(11),SC,Restrict incoming communications traffic,NIST SP 800-53 Rev. 5.2.0,control,,Only allow incoming communications from [Assignment: organization-defined authorized sources] to be routed to [Assignment: organization-defined authorized destinations].,,,
sc-7.12,SC-7(12),SC,Host-based protection,NIST SP 800-53 Rev. 5.2.0,control,,Implement [Assignment: organization-defined host-based boundary protection mechanisms] at [Assignment: organization-defined system components].,,,
sc-7.13,SC-7(13),SC,"Isolation of security tools, mechanisms, and support components",NIST SP 800-53 Rev. 5.2.0,control,,"Isolate [Assignment: organization-defined information security tools, mechanisms, and support components] from other internal system components by implementing physically separate subnetworks with managed interfaces to other components of the system.",,,
sc-7.14,SC-7(14),SC,Protect against unauthorized physical connections,NIST SP 800-53 Rev. 5.2.0,control,,Protect against unauthorized physical connections at [Assignment: organization-defined managed interfaces].,,,
sc-7.15,SC-7(15),SC,Network privileged accesses,NIST SP 800-53 Rev. 5.2.0,control,,"Route networked, privileged accesses through a dedicated, managed interface for purposes of access control and auditing.",,,
sc-7.16,SC-7(16),SC,Prevent discovery of system components,NIST SP 800-53 Rev. 5.2.0,control,,Prevent the discovery of specific system components that represent a managed interface.,,,
sc-7.17,SC-7(17),SC,Automated enforcement of protocol formats,NIST SP 800-53 Rev. 5.2.0,control,,Enforce adherence to protocol formats.,,,
sc-7.18,SC-7(18),SC,Fail secure,NIST SP 800-53 Rev. 5.2.0,control,,Prevent systems from entering unsecure states in the event of an operational failure of a boundary protection device.,,,
sc-7.19,SC-7(19),SC,Block communication from non-organizationally-configured hosts,NIST SP 800-53 Rev. 5.2.0,control,,Block inbound and outbound communications traffic between [Assignment: organization-defined communication clients] that are independently configured by end users and external service providers.,,,
sc-7.20,SC-7(20),SC,Dynamic isolation and segregation,NIST SP 800-53 Rev. 5.2.0,control,,Provide the capability to dynamically isolate [Assignment: organization-defined system components] from other system components.,,,
sc-7.21,SC-7(21),SC,Isolation of system components,NIST SP 800-53 Rev. 5.2.0,control,,Employ boundary protection mechanisms to isolate [Assignment: organization-defined system components] supporting [Assignment: organization-defined missions and/or business functions].,,,
sc-7.22,SC-7(22),SC,Separate subnets for connecting to different security domains,NIST SP 800-53 Rev. 5.2.0,control,,Implement separate network addresses to connect to systems in different security domains.,,,
sc-7.23,SC-7(23),SC,Disable sender feedback on protocol validation failure,NIST SP 800-53 Rev. 5.2.0,control,,Disable feedback to senders on protocol format validation failure.,,,
sc-7.24,SC-7(24),SC,Personal information,NIST SP 800-53 Rev. 5.2.0,control,,"For systems that handle personal information:
a. apply the following handling rules to data elements of personal information: [Assignment: organization-defined handling rules]
b. monitor for permitted handling at the external interfaces to the system and at key internal boundaries within the system
c. document each handling exception
d. review and remove exceptions that are no longer supported",,Uses and disclosures of information without the consent of the individual are listed in subsection 8(2) of the Privacy Act.,
sc-7.25,SC-7(25),SC,Unclassified national security system connections,NIST SP 800-53 Rev. 5.2.0,control,,Prohibit the direct connection of [Assignment: organization-defined unclassified national security system] to an external network without the use of [Assignment: organization-defined boundary protection device].,,"A direct connection is a dedicated physical or virtual connection between 2 or more systems. Organizations typically do not have complete control over external networks, including the Internet. Boundary protection devices (e.g., firewalls, gateways, and routers) mediate communications and information flows between unclassified national security systems and external networks.",
sc-7.26,SC-7(26),SC,Classified national security system connections,NIST SP 800-53 Rev. 5.2.0,control,,Prohibit the direct connection of a classified national security system to an external network without the use of [Assignment: organization-defined boundary protection device].,,"A direct connection is a dedicated physical or virtual connection between 2 or more systems. Organizations typically do not have complete control over external networks, including the Internet. Boundary protection devices (e.g., firewalls, gateways, and routers) mediate communications and information flows between classified national security systems and external networks. In addition, approved boundary protection devices (typically managed interface or cross-domain systems) provide information flow enforcement from systems to external networks.",
sc-7.27,SC-7(27),SC,Unclassified non-national security system connections,NIST SP 800-53 Rev. 5.2.0,control,,Prohibit the direct connection of [Assignment: organization-defined unclassified non-national security system] to an external network without the use of [Assignment: organization-defined boundary protection device].,,"A direct connection is a dedicated physical or virtual connection between 2 or more systems. Organizations typically do not have complete control over external networks, including the Internet. Boundary protection devices (e.g., firewalls, gateways, and routers) mediate communications and information flows between unclassified non-national security systems and external networks.",
sc-7.28,SC-7(28),SC,Connections to public networks,NIST SP 800-53 Rev. 5.2.0,control,,Prohibit the direct connection of [Assignment: organization-defined system] to a public network.,,,
sc-7.29,SC-7(29),SC,Separate subnets to isolate functions,NIST SP 800-53 Rev. 5.2.0,control,,Implement [Selection (1): physically; logically] separate subnetworks to isolate the following critical system components and functions: [Assignment: organization-defined critical system components and functions].,,,
sc-8,SC-8,SC,Transmission confidentiality and integrity,NIST SP 800-53 Rev. 5.2.0,control,,Protect the [Selection (1 or more): confidentiality; integrity] of transmitted information.,,,
sc-8.1,SC-8(1),SC,Cryptographic protection,NIST SP 800-53 Rev. 5.2.0,control,,Implement cryptographic mechanisms to [Selection (1 or more): prevent unauthorized disclosure of information; detect changes to information] during transmission.,,,
sc-8.2,SC-8(2),SC,Pre- and post-transmission handling,NIST SP 800-53 Rev. 5.2.0,control,,Maintain the [Selection (1 or more): confidentiality; integrity] of information during preparation for transmission and during reception.,,,
sc-8.3,SC-8(3),SC,Cryptographic protection for message externals,NIST SP 800-53 Rev. 5.2.0,control,,Implement cryptographic mechanisms to protect message externals unless otherwise protected by [Assignment: organization-defined alternative physical controls].,,,
sc-8.4,SC-8(4),SC,Conceal or randomize communications,NIST SP 800-53 Rev. 5.2.0,control,,Implement cryptographic mechanisms to conceal or randomize communication patterns unless otherwise protected by [Assignment: organization-defined alternative physical controls].,,,
sc-8.5,SC-8(5),SC,Protected distribution system,NIST SP 800-53 Rev. 5.2.0,control,,Implement [Assignment: organization-defined protected distribution system] to [Selection (1 or more): prevent unauthorized disclosure of information; detect changes to information] during transmission.,,,
sc-9,SC-9,SC,Transmission Confidentiality,NIST SP 800-53 Rev. 5.2.0,,withdrawn,,,,
sc-10,SC-10,SC,Network disconnect,NIST SP 800-53 Rev. 5.2.0,control,,Terminate the network connection associated with a communications session at the end of the session or after [Assignment: organization-defined time period] of inactivity.,,,
sc-11,SC-11,SC,Trusted path,NIST SP 800-53 Rev. 5.2.0,control,,"A. Provide a [Selection (1): physically; logically] isolated trusted communications path for communications between the user and the trusted components of the system
B. Permit users to invoke the trusted communications path for communications between the user and the following security functions of the system, including at a minimum, authentication and re-authentication: [Assignment: organization-defined security functions]",,,
sc-11.1,SC-11(1),SC,Irrefutable communications path,NIST SP 800-53 Rev. 5.2.0,control,,"a. Provide a trusted communications path that is irrefutably distinguishable from other communications paths
b. Initiate the trusted communications path for communications between the [Assignment: organization-defined security functions] of the system and the user",,,
sc-12,SC-12,SC,Cryptographic key establishment and management,NIST SP 800-53 Rev. 5.2.0,control,,"Establish and manage cryptographic keys when cryptography is employed within the system in accordance with the following key management requirements: [Assignment: organization-defined requirements for key generation, distribution, storage, access, and destruction].",,The use of NIST-CSE CMVP-validated commercial cryptographic modules is recommended for all national security systems.,
sc-12.1,SC-12(1),SC,Availability,NIST SP 800-53 Rev. 5.2.0,control,,Maintain availability of information in the event of the loss of cryptographic keys by users.,,,
sc-12.2,SC-12(2),SC,Symmetric keys,NIST SP 800-53 Rev. 5.2.0,control,,"Produce, control, and distribute symmetric cryptographic keys using [Selection (1): CMVP-validated; Cyber Centre-approved; prepositioned keying material] key management technology and processes.",,"For national security systems, the use of Cyber Centre-approved key management technology and processes is mandatory.",
sc-12.3,SC-12(3),SC,Asymmetric keys,NIST SP 800-53 Rev. 5.2.0,control,,"Produce, control, and distribute asymmetric cryptographic keys using [Selection (1): Cyber Centre-approved key management technology and processes; prepositioned keying material; Cyber Centre-approved or Cyber Centre-issued Medium Assurance PKI certificates; Cyber Centre-approved or Cyber Centre-issued Medium Hardware Assurance PKI certificates and hardware security tokens that protect the user’s private key; certificates issued in accordance with organization-defined requirements].",,"For national security systems, the use of Cyber Centre-approved key management technology and processes is mandatory.",
sc-12.4,SC-12(4),SC,PKI Certificates,NIST SP 800-53 Rev. 5.2.0,,withdrawn,,,,
sc-12.5,SC-12(5),SC,PKI Certificates / Hardware Tokens,NIST SP 800-53 Rev. 5.2.0,,withdrawn,,,,
sc-12.6,SC-12(6),SC,Physical control of keys,NIST SP 800-53 Rev. 5.2.0,control,,Maintain physical control of cryptographic keys when stored information is encrypted by external service providers.,,,
sc-13,SC-13,SC,Cryptographic protection,NIST SP 800-53 Rev. 5.2.0,control,,"A. Determine the [Assignment: organization-defined cryptographic uses]
B. Implement the following types of cryptography required for each specified cryptographic use: [Assignment: organization-defined types of cryptography for each specified cryptographic use]",,,
sc-13.1,SC-13(1),SC,FIPS-validated Cryptography,NIST SP 800-53 Rev. 5.2.0,,withdrawn,,,,
sc-13.2,SC-13(2),SC,NSA-approved Cryptography,NIST SP 800-53 Rev. 5.2.0,,withdrawn,,,,
sc-13.3,SC-13(3),SC,Individuals Without Formal Access Approvals,NIST SP 800-53 Rev. 5.2.0,,withdrawn,,,,
sc-13.4,SC-13(4),SC,Digital Signatures,NIST SP 800-53 Rev. 5.2.0,,withdrawn,,,,
sc-13.400,SC-13(400),SC,PROTECTED A data in transit,CCCS,,withdrawn,Incorporated into SC-13.,,,
sc-13.401,SC-13(401),SC,PROTECTED B data in transit,CCCS,,withdrawn,Incorporated into SC-13.,,,
sc-13.402,SC-13(402),SC,PROTECTED C data in transit,CCCS,,withdrawn,Incorporated into SC-13.,,,
sc-13.403,SC-13(403),SC,PROTECTED data at rest,CCCS,,withdrawn,Incorporated into SC-13.,,,
sc-13.404,SC-13(404),SC,National security systems,CCCS,,withdrawn,Incorporated into SC-13.,,,
sc-14,SC-14,SC,Public Access Protections,NIST SP 800-53 Rev. 5.2.0,,withdrawn,,,,
sc-15,SC-15,SC,Collaborative computing devices and applications,NIST SP 800-53 Rev. 5.2.0,control,,"A. Prohibit remote activation of collaborative computing devices and applications with the following exceptions: [Assignment: organization-defined exceptions where remote activation is to be allowed]
B. Provide an explicit indication of use to users physically present at the devices",,,
sc-15.1,SC-15(1),SC,Physical or logical disconnect,NIST SP 800-53 Rev. 5.2.0,control,,Provide [Selection (1 or more): physical; logical] disconnect of collaborative computing devices in a manner that supports ease of use.,,,
sc-15.2,SC-15(2),SC,Blocking Inbound and Outbound Communications Traffic,NIST SP 800-53 Rev. 5.2.0,,withdrawn,,,,
sc-15.3,SC-15(3),SC,Disabling and removal in secure work areas,NIST SP 800-53 Rev. 5.2.0,control,,Disable or remove collaborative computing devices and applications from [Assignment: organization-defined systems or system components] in [Assignment: organization-defined secure work areas].,,,
sc-15.4,SC-15(4),SC,Explicitly indicate current participants,NIST SP 800-53 Rev. 5.2.0,control,,Provide an explicit indication of current participants in [Assignment: organization-defined online meetings and teleconferences].,,,
sc-16,SC-16,SC,Transmission of security and privacy attributes,NIST SP 800-53 Rev. 5.2.0,control,,Associate [Assignment: organization-defined security and privacy attributes] with information exchanged between systems and between system components.,,,
sc-16.1,SC-16(1),SC,Integrity verification,NIST SP 800-53 Rev. 5.2.0,control,,Verify the integrity of transmitted security and privacy attributes.,,,
sc-16.2,SC-16(2),SC,Anti-spoofing mechanisms,NIST SP 800-53 Rev. 5.2.0,control,,Implement anti-spoofing mechanisms to prevent adversaries from falsifying the security attributes indicating the successful application of the security process.,,,
sc-16.3,SC-16(3),SC,Cryptographic binding,NIST SP 800-53 Rev. 5.2.0,control,,Implement [Assignment: organization-defined mechanisms or techniques] to bind security and privacy attributes to transmitted information.,,,
sc-17,SC-17,SC,Public key infrastructure certificates,NIST SP 800-53 Rev. 5.2.0,control,,"A. Issue public key certificates under an [Assignment: organization-defined certificate policy] or obtain public key certificates from an approved service provider
B. Include only approved trust anchors in trust stores or certificate stores managed by the organization",,,
sc-18,SC-18,SC,Mobile code,NIST SP 800-53 Rev. 5.2.0,control,,"A. Define acceptable and unacceptable mobile code and mobile code technologies
B. Authorize, monitor, and control the use of mobile code within the system",,,
sc-18.1,SC-18(1),SC,Identify unacceptable code and take corrective actions,NIST SP 800-53 Rev. 5.2.0,control,,Identify [Assignment: organization-defined unacceptable mobile code] and take [Assignment: organization-defined corrective actions].,,,
sc-18.2,SC-18(2),SC,"Acquisition, development, and use",NIST SP 800-53 Rev. 5.2.0,control,,"Verify that the acquisition, development, and use of mobile code to be deployed in the system meets [Assignment: organization-defined mobile code requirements].",,,
sc-18.3,SC-18(3),SC,Prevent downloading and execution,NIST SP 800-53 Rev. 5.2.0,control,,Prevent the download and execution of [Assignment: organization-defined unacceptable mobile code].,,,
sc-18.4,SC-18(4),SC,Prevent automatic execution,NIST SP 800-53 Rev. 5.2.0,control,,Prevent the automatic execution of mobile code in [Assignment: organization-defined software applications] and enforce [Assignment: organization-defined actions] prior to executing the code.,,,
sc-18.5,SC-18(5),SC,Allow execution only in confined environments,NIST SP 800-53 Rev. 5.2.0,control,,Allow execution of permitted mobile code only in confined virtual machine environments.,,,
sc-19,SC-19,SC,Voice over Internet Protocol,CCCS,control,,"A. The organization establishes usage restrictions and implementation guidance for Voice over Internet Protocol (VoIP) technologies based on the potential to cause damage to the information system if used maliciously
B. The organization authorizes, monitors, and controls the use of VoIP within the information system",,This control is used in any physical security zone that contains a National Security System (NSS) at the Secret or Top Secret level.,
sc-19.400,SC-19(400),SC,Protocol conversion,CCCS,control,,Unclassified VoIP is not permitted within classified facilities unless the VoIP is converted to plain old telephone systems (POTS) before exiting the facility boundary.,,VoIP in classified facilities should comply with the US Committee on National Security Systems Instruction (CNSSI) No. 5000. Some authorizers may require CNSSI-5000 compliance.,
sc-19.401,SC-19(401),SC,No public network access,CCCS,control,,Unclassified VoIP over a Local Area Network (LAN) with access to a public data network is not permitted within classified facilities.,,VoIP in classified facilities should comply with CNSSI-5000. Some authorizers may require CNSSI-5000 compliance.,
sc-20,SC-20,SC,Secure name/address resolution service (authoritative source),NIST SP 800-53 Rev. 5.2.0,control,,"A. Provide additional data origin authentication and integrity verification artifacts along with the authoritative name resolution data the system returns in response to external name/address resolution queries.
B. Provide the means to indicate the security status of child zones and (if the child supports secure resolution services) to enable verification of a chain of trust among parent and child domains, when operating as part of a distributed, hierarchical namespace.",,,
sc-20.1,SC-20(1),SC,Child Subspaces,NIST SP 800-53 Rev. 5.2.0,,withdrawn,,,,
sc-20.2,SC-20(2),SC,Data origin and integrity,NIST SP 800-53 Rev. 5.2.0,control,,Provide data origin and integrity protection artifacts for internal name/address resolution queries.,,,
sc-21,SC-21,SC,Secure name/address resolution service (recursive or caching resolver),NIST SP 800-53 Rev. 5.2.0,control,,Request and perform data origin authentication and data integrity verification on the name/address resolution responses the system receives from authoritative sources.,,,
sc-21.1,SC-21(1),SC,Data Origin and Integrity,NIST SP 800-53 Rev. 5.2.0,,withdrawn,,,,
sc-22,SC-22,SC,Architecture and provisioning for name/address resolution service,NIST SP 800-53 Rev. 5.2.0,control,,Ensure the systems that collectively provide name/address resolution service for an organization are fault-tolerant and implement internal and external role separation.,,,
sc-23,SC-23,SC,Session authenticity,NIST SP 800-53 Rev. 5.2.0,control,,Protect the authenticity of communications sessions.,,,
sc-23.1,SC-23(1),SC,Invalidate session identifiers at logout,NIST SP 800-53 Rev. 5.2.0,control,,Invalidate session identifiers upon user logout or other session termination.,,,
sc-23.2,SC-23(2),SC,User-initiated Logouts and Message Displays,NIST SP 800-53 Rev. 5.2.0,,withdrawn,,,,
sc-23.3,SC-23(3),SC,Unique system-generated session identifiers,NIST SP 800-53 Rev. 5.2.0,control,,Generate a unique session identifier for each session with [Assignment: organization-defined randomness requirements] and recognize only session identifiers that are system-generated.,,,
sc-23.4,SC-23(4),SC,Unique Session Identifiers with Randomization,NIST SP 800-53 Rev. 5.2.0,,withdrawn,,,,
sc-23.5,SC-23(5),SC,Allowed certificate authorities,NIST SP 800-53 Rev. 5.2.0,control,,Only allow the use of [Assignment: organization-defined certificate authorities] for verification of the establishment of protected sessions.,,,
sc-24,SC-24,SC,Fail in known state,NIST SP 800-53 Rev. 5.2.0,control,,Fail to a [Assignment: organization-defined known system state] for the following failures on the indicated components while preserving [Assignment: organization-defined system state information] in failure: [Assignment: list of organization-defined types of system failures on organization-defined system components].,,,
sc-25,SC-25,SC,Thin nodes,NIST SP 800-53 Rev. 5.2.0,control,,Employ minimal functionality and information storage on the following system components: [Assignment: organization-defined system components].,,,
sc-26,SC-26,SC,Decoys,NIST SP 800-53 Rev. 5.2.0,control,,"Include components within organizational systems specifically designed to be the target of malicious attacks for detecting, deflecting, and analyzing such attacks.",,,
sc-26.1,SC-26(1),SC,Detection of Malicious Code,NIST SP 800-53 Rev. 5.2.0,,withdrawn,,,,
sc-27,SC-27,SC,Platform-independent applications,NIST SP 800-53 Rev. 5.2.0,control,,Include within organizational systems the following platform-independent applications: [Assignment: organization-defined platform-independent applications].,,,
sc-28,SC-28,SC,Protection of information at rest,NIST SP 800-53 Rev. 5.2.0,control,,Protect the [Selection (1 or more): confidentiality; integrity] of the following information at rest: [Assignment: organization-defined information at rest].,,,
sc-28.1,SC-28(1),SC,Cryptographic protection,NIST SP 800-53 Rev. 5.2.0,control,,Implement cryptographic mechanisms to prevent unauthorized disclosure and modification of the following information at rest on [Assignment: organization-defined system components or media]: [Assignment: organization-defined information].,,,
sc-28.2,SC-28(2),SC,Offline storage,NIST SP 800-53 Rev. 5.2.0,control,,Remove the following information from online storage and store offline in a secure location: [Assignment: organization-defined information].,,,
sc-28.3,SC-28(3),SC,Cryptographic keys,NIST SP 800-53 Rev. 5.2.0,control,,Provide protected storage for cryptographic keys [Selection (1): [Assignment: organization-defined safeguards]; hardware-protected key store].,,,
sc-29,SC-29,SC,Heterogeneity,NIST SP 800-53 Rev. 5.2.0,control,,Employ a diverse set of information technologies for the following system components in the implementation of the system: [Assignment: organization-defined system components].,,,
sc-29.1,SC-29(1),SC,Heterogeneity:Virtualization techniques,NIST SP 800-53 Rev. 5.2.0,control,,Employ virtualization techniques to support the deployment of a diversity of operating systems and applications that are changed [Assignment: organization-defined frequency].,,,
sc-30,SC-30,SC,Concealment and misdirection,NIST SP 800-53 Rev. 5.2.0,control,,Employ the following concealment and misdirection techniques for [Assignment: organization-defined systems] at [Assignment: organization-defined time periods] to confuse and mislead adversaries: [Assignment: organization-defined concealment and misdirection techniques].,,,
sc-30.1,SC-30(1),SC,Virtualization Techniques,NIST SP 800-53 Rev. 5.2.0,,withdrawn,,,,
sc-30.2,SC-30(2),SC,Randomness,NIST SP 800-53 Rev. 5.2.0,control,,Employ [Assignment: organization-defined techniques] to introduce randomness into organizational operations and assets.,,,
sc-30.3,SC-30(3),SC,Change processing and storage locations,NIST SP 800-53 Rev. 5.2.0,control,,Change the location of [Assignment: organization-defined processing and/or storage] [Selection (1): [Assignment: organization-defined time frequency]; at random time intervals]].,,,
sc-30.4,SC-30(4),SC,Misleading information,NIST SP 800-53 Rev. 5.2.0,control,,"Employ realistic, but misleading information in [Assignment: organization-defined system components] about its security state or posture.",,,
sc-30.5,SC-30(5),SC,Concealment of system components,NIST SP 800-53 Rev. 5.2.0,control,,Employ the following techniques to hide or conceal [Assignment: organization-defined system components]: [Assignment: organization-defined techniques].,,,
sc-31,SC-31,SC,Covert channel analysis,NIST SP 800-53 Rev. 5.2.0,control,,"A. Perform a covert channel analysis to identify those aspects of communications within the system that are potential avenues for covert [Selection (1 or more): storage; timing] channels
B. Estimate the maximum bandwidth of those channels",,,
sc-31.1,SC-31(1),SC,Test covert channels for exploitability,NIST SP 800-53 Rev. 5.2.0,control,,Test a subset of the identified covert channels to determine the channels that are exploitable.,,,
sc-31.2,SC-31(2),SC,Maximum bandwidth,NIST SP 800-53 Rev. 5.2.0,control,,Reduce the maximum bandwidth for identified covert [Selection (1 or more): storage; timing] channels to [Assignment: organization-defined values].,,,
sc-31.3,SC-31(3),SC,Measure bandwidth in operational environments,NIST SP 800-53 Rev. 5.2.0,control,,Measure the bandwidth of [Assignment: organization-defined subset of identified covert channels] in the operational environment of the system.,,,
sc-32,SC-32,SC,System partitioning,NIST SP 800-53 Rev. 5.2.0,control,,Partition the system into [Assignment: organization-defined system components] residing in separate [Selection (1): physical; logical] domains or environments based on [Assignment: organization-defined circumstances for physical or logical separation of components].,,,
sc-32.1,SC-32(1),SC,Separate physical domains for privileged functions,NIST SP 800-53 Rev. 5.2.0,control,,Partition privileged functions into separate physical domains.,,,
sc-33,SC-33,SC,Transmission Preparation Integrity,NIST SP 800-53 Rev. 5.2.0,,withdrawn,,,,
sc-34,SC-34,SC,Non-modifiable executable programs,NIST SP 800-53 Rev. 5.2.0,control,,"For [Assignment: organization-defined system components], load and execute:
A. the operating environment from hardware-enforced, read-only media
B. the following applications from hardware-enforced, read-only media: [Assignment: organization-defined applications]",,,
sc-34.1,SC-34(1),SC,No writeable storage,NIST SP 800-53 Rev. 5.2.0,control,,Employ [Assignment: organization-defined system components] with no writeable storage that is persistent across component restart or power on/off.,,,
sc-34.2,SC-34(2),SC,Integrity protection and read-only media,NIST SP 800-53 Rev. 5.2.0,control,,Protect the integrity of information prior to storage on read-only media and control the media after such information has been recorded onto the media.,,,
sc-34.3,SC-34(3),SC,Hardware-based Protection,NIST SP 800-53 Rev. 5.2.0,,withdrawn,,,,
sc-35,SC-35,SC,External malicious code identification,NIST SP 800-53 Rev. 5.2.0,control,,Include system components that proactively seek to identify network-based malicious code or malicious websites.,,,
sc-36,SC-36,SC,Distributed processing and storage,NIST SP 800-53 Rev. 5.2.0,control,,Distribute the following processing and storage components across multiple [Selection (1): physical locations; logical domains]: [Assignment: organization-defined processing and storage components].,,,
sc-36.1,SC-36(1),SC,Polling techniques,NIST SP 800-53 Rev. 5.2.0,control,,"a. Employ polling techniques to identify potential faults, errors, or compromises to the following processing and storage components: [Assignment: organization-defined distributed processing and storage components]
b. Take the following actions in response to identified faults, errors, or compromises: [Assignment: organization-defined actions]",,,
sc-36.2,SC-36(2),SC,Synchronization,NIST SP 800-53 Rev. 5.2.0,control,,Synchronize the following duplicate systems or system components: [Assignment: organization-defined duplicate systems or system components].,,,
sc-37,SC-37,SC,Out-of-band channels,NIST SP 800-53 Rev. 5.2.0,control,,"Employ the following out-of-band channels for the physical delivery or electronic transmission of [Assignment: organization-defined information, system components, or devices] to [Assignment: organization-defined individuals or systems]: [Assignment: organization-defined out-of-band channels].",,,
sc-37.1,SC-37(1),SC,Ensure delivery and transmission,NIST SP 800-53 Rev. 5.2.0,control,,"Employ [Assignment: organization-defined controls] to ensure that only [Assignment: organization-defined individuals or systems] receive the following information, system components, or devices: [Assignment: organization-defined information, system components, or devices].",,,
sc-38,SC-38,SC,Operations security,NIST SP 800-53 Rev. 5.2.0,control,,Employ the following operations security controls to protect key organizational information throughout the system development lifecycle: [Assignment: organization-defined operations security controls].,,,
sc-39,SC-39,SC,Process isolation,NIST SP 800-53 Rev. 5.2.0,control,,Maintain a separate execution domain for each executing system process.,,,
sc-39.1,SC-39(1),SC,Hardware separation,NIST SP 800-53 Rev. 5.2.0,control,,Implement hardware separation mechanisms to facilitate process isolation.,,,
sc-39.2,SC-39(2),SC,Separate execution domain per thread,NIST SP 800-53 Rev. 5.2.0,control,,Maintain a separate execution domain for each thread in [Assignment: organization-defined multi-threaded processing].,,,
sc-40,SC-40,SC,Wireless link protection,NIST SP 800-53 Rev. 5.2.0,control,,Protect external and internal [Assignment: organization-defined wireless links] from the following signal parameter attacks: [Assignment: organization-defined types of signal parameter attacks or references to sources for such attacks].,,,
sc-40.1,SC-40(1),SC,Electromagnetic interference,NIST SP 800-53 Rev. 5.2.0,control,,Implement cryptographic mechanisms that achieve [Assignment: organization-defined level of protection] against the effects of intentional electromagnetic interference.,,,
sc-40.2,SC-40(2),SC,Reduce detection potential,NIST SP 800-53 Rev. 5.2.0,control,,Implement cryptographic mechanisms to reduce the detection potential of wireless links to [Assignment: organization-defined level of reduction].,,,
sc-40.3,SC-40(3),SC,Imitative or manipulative communications deception,NIST SP 800-53 Rev. 5.2.0,control,,Implement cryptographic mechanisms to identify and reject wireless transmissions that are deliberate attempts to achieve imitative or manipulative communications deception based on signal parameters.,,,
sc-40.4,SC-40(4),SC,Signal parameter identification,NIST SP 800-53 Rev. 5.2.0,control,,Implement cryptographic mechanisms to prevent the identification of [Assignment: organization-defined wireless transmitters] by using the transmitter signal parameters.,,,
sc-400,SC-400,SC,Entity source authentication,CCCS,control,,The information system allows a message recipient to verify the claimed source identifier in a message.,,,
sc-400.1,SC-400(1),SC,Claimed identifier authentication,CCCS,control,,Authentication of the claimed identifier in the message is cryptographically based.,,,
sc-400.2,SC-400(2),SC,Digital signature,CCCS,control,,The organization employs CMVP-certified cryptography for digital signature generation and verification.,,,
sc-400.3,SC-400(3),SC,Authentication implementation,CCCS,control,,The organization employs Cyber Centre-approved cryptography and protocols to implement the authentication.,,,
sc-401,SC-401,SC,Unclassified telecommunications in secure facilities,CCCS,control,,"A. Unclassified telecommunications systems in secure facilities must not pass/transmit sensitive audio discussions when they are idle and not in use. Additionally, these telecommunications systems must be configured to prevent external control or activation. The concepts of on-hook audio protection outlined in CNSSI 5002 and 5006 must be incorporated into secure facilities’ telecommunications systems
B. Unclassified telephone systems and services must be configured to prevent technical exploitation or penetration. In addition, these systems must incorporate physical and software access controls to prevent disclosure or manipulation of system programming and stored data
C. The organization must ensure that the following specific requirements are applied to unclassified telecommunications systems
  1. provide on-hook audio protection by the use of CNSSI 5006 equipment, CNSSI 5006-approved disconnect devices, or equivalent CNSSI 5002 system configuration
  2. provide isolation by using a computerized telephone system (CTS) with control of software and hardware configuration control and of audit reports (such as station message detail reporting, call detail reporting, etc.). System programming will not include the ability to place, or keep, a handset off-hook. Configuration of the system must ensure that all on-hook and off-hook vulnerabilities are identified and mitigated
  3. ensure that equipment used for the administration of telephone systems is installed inside an area where access is limited to authorized personnel. When local administration terminals (for a CTS) are not or cannot be contained within the controlled area or safeguarded against unauthorized manipulation, then the use of CNSSI 5006-approved telephone equipment must be required, regardless of the CTS configuration
  4. ensure that remote maintenance is not used outside the secure facility
  5. ensure that speakerphones and audio-conferencing systems are not used on unclassified telecommunications systems in secure facilities. CSE may approve exceptions to this requirement when these systems have sufficient audio isolation from other classified discussion areas in the secure facility, and when there are established procedures to prevent inadvertent transmission of classified information
  6. ensure that features used for voicemail or unified messaging services are configured to prevent unauthorized access to remote diagnostic ports or internal dial tone
  7. ensure that telephone answering devices (TAD) and facsimile machines do not contain features that introduce security vulnerabilities, for example, remote room monitoring, remote programming, or other similar features that may permit off-premises access to room audio. Prior CSE approval is required before installation or use
D. All unclassified telecommunications systems and associated infrastructure must be electrically and physically isolated from any classified information/telecommunications systems in accordance with CNSS requirements or any other separation standards applied to the classified information system on site
E. The security requirements and installation guidelines contained in the CNSSI 5000 shall be followed for VoIP systems installed in any physical security zone processing classified information",,"A secure facility is any physical security zone that processes classified information. Secure facility may mean SCIF at the Top Secret level, or any secure facility of lower level (e.g. Secret, Confidential).",
sc-41,SC-41,SC,Port and input/output device access,NIST SP 800-53 Rev. 5.2.0,control,,[Selection (1): Physically; Logically] disable or remove [Assignment: organization-defined connection ports or input/output devices] on the following systems or system components: [Assignment: organization-defined systems or system components].,,,
sc-42,SC-42,SC,Sensor capability and data,NIST SP 800-53 Rev. 5.2.0,control,,"A. Prohibit [Selection (1 or more): the use of devices possessing [Assignment: organization-defined environmental sensing capabilities] in [Assignment: organization-defined facilities, areas, or systems]; the remote activation of environmental sensing capabilities on organizational systems or system components with the following exceptions: [Assignment: organization-defined exceptions where remote activation of sensors is allowed]]
B. Provide an explicit indication of sensor use to [Assignment: organization-defined group of users]",,,
sc-42.1,SC-42(1),SC,Reporting to authorized individuals or roles,NIST SP 800-53 Rev. 5.2.0,control,,Verify that the system is configured so that data or information collected by the [Assignment: organization-defined sensors] is only reported to authorized individuals or roles.,,,
sc-42.2,SC-42(2),SC,Authorized use,NIST SP 800-53 Rev. 5.2.0,control,,Employ the following measures so that data or information collected by [Assignment: organization-defined sensors] is used only for authorized purposes: [Assignment: organization-defined measures].,,,
sc-42.3,SC-42(3),SC,Prohibit Use of Devices,NIST SP 800-53 Rev. 5.2.0,,withdrawn,,,,
sc-42.4,SC-42(4),SC,Notice of collection,NIST SP 800-53 Rev. 5.2.0,control,,Employ the following measures to facilitate an individual’s awareness that personal information is being collected by [Assignment: organization-defined sensors]: [Assignment: organization-defined measures].,,"There are both privacy and Charter implications with the use of sensor technology, and further assessment by organizational counsel may be required. It is important to notify users of employer-issued technologies about the potential infringement of their personal information and that users acknowledge these risks before using the device.",
sc-42.5,SC-42(5),SC,Collection minimization,NIST SP 800-53 Rev. 5.2.0,control,,Employ [Assignment: organization-defined sensors] that are configured to minimize the collection of information about individuals that is not needed.,,"In addition, for the use of the technologies that can be considered privacy-invasive, the OPC asks that Charter implications be considered, in line with the R. vs. Oakes Supreme Court decision. Bearing in mind the concept of unreasonable search and seizure, organizations should assess collection of information that may infringe on Charter rights against the principles set out in the aforementioned Oakes decision.",
sc-42.400,SC-42(400),SC,Disablement in security/high-security zones,CCCS,control,,Ensure that the organization disables all sensors on all devices when they are not approved to process information at the highest classification level in the security or high-security zone they are in.,,"Organizations must ensure that device sensors are disabled. For example, cameras and microphones on Protected B-approved workstations must be physically disabled if they are not used. If they are used, they must be situated in such ways as to prevent compromise of Protected C or classified information discussed or presented in the security or high-security zones.",
sc-43,SC-43,SC,Usage restrictions,NIST SP 800-53 Rev. 5.2.0,control,,"A. Establish usage restrictions and implementation guidelines for the following system components: [Assignment: organization-defined system components]
B. Authorize, monitor, and control the use of such components within the system",,,
sc-44,SC-44,SC,Detonation chambers,NIST SP 800-53 Rev. 5.2.0,control,,"Employ a detonation chamber capability within [Assignment: organization-defined system, system component, or location].",,,
sc-45,SC-45,SC,System time synchronization,NIST SP 800-53 Rev. 5.2.0,control,,Synchronize system clocks within and between systems and system components.,,,
sc-45.1,SC-45(1),SC,Synchronization with authoritative time source,NIST SP 800-53 Rev. 5.2.0,control,,"a. Compare the internal system clocks [Assignment: organization-defined frequency] with [Assignment: organization-defined authoritative time source]
b. Synchronize the internal system clocks to the authoritative time source when the time difference is greater than [Assignment: organization-defined time period]",,,
sc-45.2,SC-45(2),SC,Secondary authoritative time source,NIST SP 800-53 Rev. 5.2.0,control,,"a. Identify a secondary authoritative time source that is in a different geographic region than the primary authoritative time source
b. Synchronize the internal system clocks to the secondary authoritative time source if the primary authoritative time source is unavailable",,,
sc-46,SC-46,SC,Cross-domain policy enforcement,NIST SP 800-53 Rev. 5.2.0,control,,Implement a policy enforcement mechanism [Selection (1): physically; logically] between the physical and/or network interfaces for the connecting security domains.,,Only Cyber Centre-approved CDS should be used for Protected C and classified information. Contact cyber@cyber.gc.ca for more information.,
sc-46.400,SC-46(400),SC,Manual data transfer,CCCS,control,,Limit the use of manual data transfer.,,,
sc-47,SC-47,SC,Alternate communications paths,NIST SP 800-53 Rev. 5.2.0,control,,Establish [Assignment: organization-defined alternate communications paths] for system operations organizational command and control.,,,
sc-48,SC-48,SC,Sensor relocation,NIST SP 800-53 Rev. 5.2.0,control,,Relocate [Assignment: organization-defined sensors and monitoring capabilities] to [Assignment: organization-defined locations] under the following conditions or circumstances: [Assignment: organization-defined conditions or circumstances].,,,
sc-48.1,SC-48(1),SC,Dynamic relocation of sensors or monitoring capabilities,NIST SP 800-53 Rev. 5.2.0,control,,Dynamically relocate [Assignment: organization-defined sensors and monitoring capabilities] to [Assignment: organization-defined locations] under the following conditions or circumstances: [Assignment: organization-defined conditions or circumstances].,,,
sc-49,SC-49,SC,Hardware-enforced separation and policy enforcement,NIST SP 800-53 Rev. 5.2.0,control,,Implement hardware-enforced separation and policy enforcement mechanisms between [Assignment: organization-defined security domains].,,,
sc-50,SC-50,SC,Software-enforced separation and policy enforcement,NIST SP 800-53 Rev. 5.2.0,control,,Implement software-enforced separation and policy enforcement mechanisms between [Assignment: organization-defined security domains].,,,
sc-51,SC-51,SC,Hardware-based protection,NIST SP 800-53 Rev. 5.2.0,control,,"A. Employ hardware-based write-protect for [Assignment: organization-defined system firmware components]
B. Implement specific procedures for [Assignment: organization-defined authorized individuals] to manually disable hardware write-protect for firmware modifications and re-enable the write-protect prior to returning to operational mode",,,
si-1,SI-1,SI,System and information integrity policy and procedures,NIST SP 800-53 Rev. 5.2.0,activity,,"A. Develop, document, and disseminate to [Assignment: organization-defined personnel or roles]
1. [Selection (1 or more): Organization-level; Mission/business process-level; System-level] system and information integrity policy that
   a. addresses purpose, scope, roles, responsibilities, management commitment, coordination among organizational entities, and compliance
   b. is consistent with applicable laws, Orders in Council, directives, regulations, policies, standards, and guidelines
2. procedures to facilitate the implementation of the system and information integrity policy and the associated system and information integrity controls
   B. Designate an [Assignment: organization-defined official] to manage the development, documentation, and dissemination of the system and information integrity policy and procedures
   C. Review and update the current system and information integrity
3. policy [Assignment: organization-defined frequency] and following [Assignment: organization-defined events]
4. procedures [Assignment: organization-defined frequency] and following [Assignment: organization-defined events]",,,
si-2,SI-2,SI,Flaw remediation,NIST SP 800-53 Rev. 5.2.0,control,,"A. Identify, report, and correct system flaws
B. Test software and firmware updates related to flaw remediation for effectiveness and potential side effects before installation
C. Install security-relevant software and firmware updates within [Assignment: organization-defined time period] of the release of the updates
D. Incorporate flaw remediation into the organizational configuration management process",,,
si-2.1,SI-2(1),SI,Central Management,NIST SP 800-53 Rev. 5.2.0,,withdrawn,,,,
si-2.2,SI-2(2),SI,Automated flaw remediation status,NIST SP 800-53 Rev. 5.2.0,control,,Determine if system components have applicable security-relevant software and firmware updates installed using [Assignment: organization-defined automated mechanisms] [Assignment: organization-defined frequency].,,,
si-2.3,SI-2(3),SI,Time to remediate flaws and benchmarks for corrective actions,NIST SP 800-53 Rev. 5.2.0,control,,"a. Measure the time between flaw identification and flaw remediation
b. Establish the following benchmarks for taking corrective actions: [Assignment: organization-defined benchmarks]",,,
si-2.4,SI-2(4),SI,Automated patch management tools,NIST SP 800-53 Rev. 5.2.0,,,Employ automated patch management tools to facilitate flaw remediation to the following system components: [Assignment: organization-defined system components].,,,
si-2.5,SI-2(5),SI,Automatic software and firmware updates,NIST SP 800-53 Rev. 5.2.0,control,,Install [Assignment: organization-defined security-relevant software and firmware updates] automatically to [Assignment: organization-defined system components].,,,
si-2.6,SI-2(6),SI,Removal of previous versions of software and firmware,NIST SP 800-53 Rev. 5.2.0,control,,Remove previous versions of [Assignment: organization-defined software and firmware components] after updated versions have been installed.,,,
si-2.7,SI-2(7),SI,Root cause analysis,NIST SP 800-53 Rev. 5.2.0,,,"a. Conduct root cause analysis to identify the underlying causes of issues or failures
b. Develop actions to address the root cause of the issue or failure
c. Implement the actions and monitor the implementation for effectiveness",,,
si-3,SI-3,SI,Malicious code protection,NIST SP 800-53 Rev. 5.2.0,control,,"A. Implement [Selection (1 or more): signature based; non-signature based] malicious code protection mechanisms at system entry and exit points to detect and eradicate malicious code
B. Automatically update malicious code protection mechanisms as new releases are available in accordance with organizational configuration management policy and procedures
C. Configure malicious code protection mechanisms to
1. perform periodic scans of the system [Assignment: organization-defined frequency] and real-time scans of files from external sources at [Selection (1 or more): endpoint; network entry and exit points] as the files are downloaded, opened, or executed in accordance with organizational policy
2. [Selection (1 or more): block malicious code; quarantine malicious code; take [Assignment: organization-defined action]]; and send alert to [Assignment: organization-defined personnel or roles] in response to malicious code detection
   D. Address the receipt of false positives during malicious code detection and eradication and the resulting potential impact on the availability of the system",,,
si-3.1,SI-3(1),SI,Central Management,NIST SP 800-53 Rev. 5.2.0,,withdrawn,,,,
si-3.2,SI-3(2),SI,Automatic Updates,NIST SP 800-53 Rev. 5.2.0,,withdrawn,,,,
si-3.3,SI-3(3),SI,Non-privileged Users,NIST SP 800-53 Rev. 5.2.0,,withdrawn,,,,
si-3.4,SI-3(4),SI,Updates only by privileged users,NIST SP 800-53 Rev. 5.2.0,control,,Update malicious code protection mechanisms only when directed by a privileged user.,,,
si-3.5,SI-3(5),SI,Portable Storage Devices,NIST SP 800-53 Rev. 5.2.0,,withdrawn,,,,
si-3.6,SI-3(6),SI,Testing and verification,NIST SP 800-53 Rev. 5.2.0,control,,"a. Test malicious code protection mechanisms [Assignment: organization-defined frequency] by introducing known benign code into the system
b. Verify that the detection of the code and the associated incident reporting occur",,,
si-3.7,SI-3(7),SI,Nonsignature-based Detection,NIST SP 800-53 Rev. 5.2.0,,withdrawn,,,,
si-3.8,SI-3(8),SI,Detect unauthorized commands,NIST SP 800-53 Rev. 5.2.0,control,,"a. Detect the following unauthorized operating system commands through the kernel application programming interface on [Assignment: organization-defined system hardware components]: [Assignment: organization-defined unauthorized operating system commands]
b. [Selection (1 or more): issue a warning; audit the command execution; prevent the execution of the command]",,,
si-3.9,SI-3(9),SI,Authenticate Remote Commands,NIST SP 800-53 Rev. 5.2.0,,withdrawn,,,,
si-3.10,SI-3(10),SI,Malicious code analysis,NIST SP 800-53 Rev. 5.2.0,control,,"a. Employ the following tools and techniques to analyze the characteristics and behaviour of malicious code: [Assignment: organization-defined tools and techniques]
b. Incorporate the results from malicious code analysis into organizational incident response and flaw remediation processes",,,
si-4,SI-4,SI,System monitoring,NIST SP 800-53 Rev. 5.2.0,control,,"A. Monitor the system to detect
1. attacks and indicators of potential attacks in accordance with the following monitoring objectives: [Assignment: organization-defined monitoring objectives]
2. unauthorized local, network, and remote connections
   B. Identify unauthorized use of the system through the following techniques and methods: [Assignment: organization-defined techniques and methods]
   C. Invoke internal monitoring capabilities or deploy monitoring devices
3. strategically within the system to collect organization-determined essential information
4. at ad hoc locations within the system to track specific types of transactions of interest to the organization
   D. Analyze detected events and anomalies
   E. Adjust the level of system monitoring activity when there is a change in risk to organizational operations and assets, individuals, other organizations, or Canada
   F. Obtain legal opinion regarding system monitoring activities
   G. Provide [Assignment: organization-defined system monitoring information] to [Assignment: organization-defined personnel or roles] [Selection (1 or more): as needed; [Assignment: organization-defined frequency]]",,,
si-4.1,SI-4(1),SI,System-wide intrusion detection system,NIST SP 800-53 Rev. 5.2.0,control,,Connect and configure individual intrusion detection tools into a system-wide intrusion detection system.,,,
si-4.2,SI-4(2),SI,Automated tools and mechanisms for real-time analysis,NIST SP 800-53 Rev. 5.2.0,control,,Employ automated tools and mechanisms to support near real-time analysis of events.,,,
si-4.3,SI-4(3),SI,Automated tool and mechanism integration,NIST SP 800-53 Rev. 5.2.0,control,,Employ automated tools and mechanisms to integrate intrusion detection tools and mechanisms into access control and flow control mechanisms.,,,
si-4.4,SI-4(4),SI,Inbound and outbound communications traffic,NIST SP 800-53 Rev. 5.2.0,control,,"a. Determine criteria for unusual or unauthorized activities or conditions for inbound and outbound communications traffic
b. Monitor inbound and outbound communications traffic [Assignment: organization-defined frequency] for [Assignment: organization-defined unusual or unauthorized activities or conditions]",,,
si-4.5,SI-4(5),SI,System-generated alerts,NIST SP 800-53 Rev. 5.2.0,control,,Alert [Assignment: organization-defined personnel or roles] when the following system-generated indications of compromise or potential compromise occur: [Assignment: organization-defined compromise indicators].,,,
si-4.6,SI-4(6),SI,Restrict Non-privileged Users,NIST SP 800-53 Rev. 5.2.0,,withdrawn,,,,
si-4.7,SI-4(7),SI,Automated response to suspicious events,NIST SP 800-53 Rev. 5.2.0,control,,"a. Notify [Assignment: organization-defined incident response personnel (identified by name and/or by role)] of detected suspicious events
b. Take the following actions upon detection: [Assignment: organization-defined least-disruptive actions to terminate suspicious events]",,,
si-4.8,SI-4(8),SI,Protection of Monitoring Information,NIST SP 800-53 Rev. 5.2.0,,withdrawn,,,,
si-4.9,SI-4(9),SI,Testing of monitoring tools and mechanisms,NIST SP 800-53 Rev. 5.2.0,control,,Test intrusion monitoring tools and mechanisms [Assignment: organization-defined frequency].,,,
si-4.10,SI-4(10),SI,Visibility of encrypted communications,NIST SP 800-53 Rev. 5.2.0,control,,Make provisions so that [Assignment: organization-defined encrypted communications traffic] is visible to [Assignment: organization-defined system monitoring tools and mechanisms].,,,
si-4.11,SI-4(11),SI,Analyze communications traffic anomalies,NIST SP 800-53 Rev. 5.2.0,control,,Analyze outbound communications traffic at the external interfaces to the system and selected [Assignment: organization-defined internal points within the system] to discover anomalies.,,,
si-4.12,SI-4(12),SI,Automated organization-generated alerts,NIST SP 800-53 Rev. 5.2.0,control,,Alert [Assignment: organization-defined personnel or roles] using [Assignment: organization-defined automated mechanisms] when the following indications of inappropriate or unusual activities with security or privacy implications occur: [Assignment: organization-defined activities that trigger alerts].,,,
si-4.13,SI-4(13),SI,Analyze traffic and event patterns,NIST SP 800-53 Rev. 5.2.0,control,,"a. Analyze communications traffic and event patterns for the system
b. Develop profiles representing common traffic and event patterns
c. Use the traffic and event profiles to tune system monitoring devices",,,
si-4.14,SI-4(14),SI,Wireless intrusion detection,NIST SP 800-53 Rev. 5.2.0,control,,Employ a wireless intrusion detection system (WIDS) to identify rogue wireless devices and to detect attack attempts and potential compromises or breaches to the system.,,,
si-4.15,SI-4(15),SI,Wireless to wireline communications,NIST SP 800-53 Rev. 5.2.0,control,,Employ an intrusion detection system to monitor wireless communications traffic as the traffic passes from wireless to wireline networks.,,,
si-4.16,SI-4(16),SI,Correlate monitoring information,NIST SP 800-53 Rev. 5.2.0,control,,Correlate information from monitoring tools and mechanisms employed throughout the system.,,,
si-4.17,SI-4(17),SI,Integrated situational awareness,NIST SP 800-53 Rev. 5.2.0,control,,"Correlate information from monitoring physical, cyber, and supply chain activities to achieve integrated, organization-wide situational awareness.",,,
si-4.18,SI-4(18),SI,Analyze traffic and covert exfiltration,NIST SP 800-53 Rev. 5.2.0,control,,Analyze outbound communications traffic at external interfaces to the system and at the following internal points to detect covert exfiltration of information: [Assignment: organization-defined interior points within the system].,,,
si-4.19,SI-4(19),SI,Risk for individuals,NIST SP 800-53 Rev. 5.2.0,control,,Implement [Assignment: organization-defined additional monitoring] of individuals who have been identified by [Assignment: organization-defined sources] as posing an increased level of risk.,,,
si-4.20,SI-4(20),SI,Privileged user,NIST SP 800-53 Rev. 5.2.0,control,,Implement the following additional monitoring of privileged users: [Assignment: organization-defined additional monitoring].,,,
si-4.21,SI-4(21),SI,Probationary periods,NIST SP 800-53 Rev. 5.2.0,control,,Implement the following additional monitoring of individuals during [Assignment: organization-defined probationary period]: [Assignment: organization-defined additional monitoring].,,,
si-4.22,SI-4(22),SI,Unauthorized network services,NIST SP 800-53 Rev. 5.2.0,control,,"a. Detect network services that have not been authorized or approved by [Assignment: organization-defined authorization or approval processes]
b. [Selection (1 or more): Audit; Alert [Assignment: organization-defined personnel or roles]] when detected",,,
si-4.23,SI-4(23),SI,Host-based devices,NIST SP 800-53 Rev. 5.2.0,control,,Implement the following host-based monitoring mechanisms at [Assignment: organization-defined system components]: [Assignment: organization-defined host-based monitoring mechanisms].,,,
si-4.24,SI-4(24),SI,Indicators of compromise,NIST SP 800-53 Rev. 5.2.0,control,,"Discover, collect, and distribute to [Assignment: organization-defined personnel or roles], indicators of compromise (IOCs) provided by [Assignment: organization-defined sources].",,,
si-4.25,SI-4(25),SI,Optimize network traffic analysis,NIST SP 800-53 Rev. 5.2.0,control,,Provide visibility into network traffic at external and key internal system interfaces to optimize the effectiveness of monitoring devices.,,,
si-5,SI-5,SI,"Security alerts, advisories, and directives",NIST SP 800-53 Rev. 5.2.0,control,,"A. Receive system security alerts, advisories, and directives from [Assignment: organization-defined external organizations] on an ongoing basis
B. Generate internal security alerts, advisories, and directives as necessary
C. Disseminate security alerts, advisories, and directives to: [Selection (1 or more): [Assignment: organization-defined personnel or roles]; [Assignment: organization-defined elements within the organization]; [Assignment: organization-defined external organizations]]
D. Implement security directives in accordance with established timeframes or notify the issuing organization of the degree of non-compliance",,,
si-5.1,SI-5(1),SI,Automated alerts and advisories,NIST SP 800-53 Rev. 5.2.0,control,,Broadcast security alert and advisory information throughout the organization using [Assignment: organization-defined automated mechanisms].,,,
si-6,SI-6,SI,Security and privacy function verification,NIST SP 800-53 Rev. 5.2.0,control,,"A. Verify the correct operation of [Assignment: organization-defined security and privacy functions]
B. Perform the verification of the functions specified in SI-06A [Selection (1 or more): [Assignment: organization-defined system transitional states]; upon command by user with appropriate privilege; [Assignment: organization-defined frequency]]
C. Alert [Assignment: organization-defined personnel or roles] to failed security and privacy verification tests
D. [Selection (1 or more): Shut the system down; Restart the system; [Assignment: organization-defined alternative action(s)]] when anomalies are discovered",,,
si-6.1,SI-6(1),SI,Notification of Failed Security Tests,NIST SP 800-53 Rev. 5.2.0,,withdrawn,,,,
si-6.2,SI-6(2),SI,Automation support for distributed testing,NIST SP 800-53 Rev. 5.2.0,control,,Implement automated mechanisms to support the management of distributed security and privacy function testing.,,,
si-6.3,SI-6(3),SI,Report verification results,NIST SP 800-53 Rev. 5.2.0,control,,Report the results of security and privacy function verification to [Assignment: organization-defined personnel or roles].,,,
si-7,SI-7,SI,"Software, firmware, and information integrity",NIST SP 800-53 Rev. 5.2.0,control,,"A. Employ integrity verification tools to detect unauthorized changes to the following software, firmware, and information: [Assignment: organization-defined software, firmware, and information]
B. Take the following actions when unauthorized changes to the software, firmware, and information are detected: [Assignment: organization-defined actions]",,,
si-7.1,SI-7(1),SI,Integrity checks,NIST SP 800-53 Rev. 5.2.0,control,,"Perform an integrity check of [Assignment: organization-defined software, firmware, and information] [Selection (1 or more): at start-up; at [Assignment: organization-defined transitional states or security-relevant events]; [Assignment: organization-defined frequency]].",,,
si-7.2,SI-7(2),SI,Automated notifications of integrity violations,NIST SP 800-53 Rev. 5.2.0,control,,Employ automated tools that notify [Assignment: organization-defined personnel or roles] upon discovering discrepancies during integrity verification.,,,
si-7.3,SI-7(3),SI,Centrally managed integrity tools,NIST SP 800-53 Rev. 5.2.0,control,,Employ centrally managed integrity verification tools.,,,
si-7.4,SI-7(4),SI,Tamper-evident Packaging,NIST SP 800-53 Rev. 5.2.0,,withdrawn,,,,
si-7.5,SI-7(5),SI,Automated response to integrity violations,NIST SP 800-53 Rev. 5.2.0,control,,Automatically [Selection (1 or more): shut the system down; restart the system; implement [Assignment: organization-defined controls]] when integrity violations are discovered.,,,
si-7.6,SI-7(6),SI,Cryptographic protection,NIST SP 800-53 Rev. 5.2.0,control,,"Implement cryptographic mechanisms to detect unauthorized changes to software, firmware, and information.",,,
si-7.7,SI-7(7),SI,Integration of detection and response,NIST SP 800-53 Rev. 5.2.0,control,,Incorporate the detection of the following unauthorized changes into the organizational incident response capability: [Assignment: organization-defined security-relevant changes to the system].,,,
si-7.8,SI-7(8),SI,Auditing capability for significant events,NIST SP 800-53 Rev. 5.2.0,control,,"Upon detection of a potential integrity violation, provide the capability to audit the event and initiate the following actions: [Selection (1 or more): generate an audit record; alert current user; alert [Assignment: organization-defined personnel or roles]; [Assignment: organization-defined other actions]].",,,
si-7.9,SI-7(9),SI,Verify boot process,NIST SP 800-53 Rev. 5.2.0,control,,Verify the integrity of the boot process of the following system components: [Assignment: organization-defined system components].,,,
si-7.10,SI-7(10),SI,Protection of boot firmware,NIST SP 800-53 Rev. 5.2.0,control,,Implement the following mechanisms to protect the integrity of boot firmware in [Assignment: organization-defined system components]: [Assignment: organization-defined mechanisms].,,,
si-7.11,SI-7(11),SI,Confined Environments with Limited Privileges,NIST SP 800-53 Rev. 5.2.0,,withdrawn,,,,
si-7.12,SI-7(12),SI,Integrity verification,NIST SP 800-53 Rev. 5.2.0,control,,Require that the integrity of the following software be verified prior to execution: [Assignment: organization-defined software].,,,
si-7.13,SI-7(13),SI,Code Execution in Protected Environments,NIST SP 800-53 Rev. 5.2.0,,withdrawn,,,,
si-7.14,SI-7(14),SI,Binary or Machine Executable Code,NIST SP 800-53 Rev. 5.2.0,,withdrawn,,,,
si-7.15,SI-7(15),SI,Code authentication,NIST SP 800-53 Rev. 5.2.0,control,,Implement cryptographic mechanisms to authenticate the following software or firmware components prior to installation: [Assignment: organization-defined software or firmware components].,,,
si-7.16,SI-7(16),SI,Time limit on process execution without supervision,NIST SP 800-53 Rev. 5.2.0,control,,Prohibit processes from executing without supervision for more than [Assignment: organization-defined time period].,,,
si-7.17,SI-7(17),SI,Runtime application self-protection,NIST SP 800-53 Rev. 5.2.0,control,,Implement [Assignment: organization-defined controls] for application self-protection at runtime.,,,
si-8,SI-8,SI,Spam protection,NIST SP 800-53 Rev. 5.2.0,control,,"A. Employ spam protection mechanisms at system entry and exit points to detect and act on unsolicited messages
B. Update spam protection mechanisms when new releases are available in accordance with organizational configuration management policy and procedures",,,
si-8.1,SI-8(1),SI,Central Management,NIST SP 800-53 Rev. 5.2.0,,withdrawn,,,,
si-8.2,SI-8(2),SI,Automatic updates,NIST SP 800-53 Rev. 5.2.0,control,,Automatically update spam protection mechanisms [Assignment: organization-defined frequency].,,,
si-8.3,SI-8(3),SI,Continuous learning capability,NIST SP 800-53 Rev. 5.2.0,control,,Implement spam protection mechanisms with a learning capability to identify legitimate communications traffic more effectively.,,,
si-9,SI-9,SI,Information Input Restrictions,NIST SP 800-53 Rev. 5.2.0,,withdrawn,,,,
si-10,SI-10,SI,Information input validation,NIST SP 800-53 Rev. 5.2.0,control,,Check the validity of the following information inputs: [Assignment: organization-defined information inputs to the system].,,,
si-10.1,SI-10(1),SI,Manual override capability,NIST SP 800-53 Rev. 5.2.0,control,,"a. Provide a manual override capability for input validation of the following information inputs: [Assignment: organization-defined inputs defined in the base control (SI-10)]
b. Restrict the use of the manual override capability to only [Assignment: organization-defined authorized individuals]
c. Audit the use of the manual override capability",,,
si-10.2,SI-10(2),SI,Review and resolution of errors,NIST SP 800-53 Rev. 5.2.0,control,,Review and resolve input validation errors within [Assignment: organization-defined time period].,,,
si-10.3,SI-10(3),SI,Predictable behaviour,NIST SP 800-53 Rev. 5.2.0,control,,Verify that the system behaves in a predictable and documented manner when invalid inputs are received.,,,
si-10.4,SI-10(4),SI,Timing interactions,NIST SP 800-53 Rev. 5.2.0,control,,Account for timing interactions among system components in determining appropriate responses for invalid inputs.,,,
si-10.5,SI-10(5),SI,Restrict inputs to trusted sources and approved formats,NIST SP 800-53 Rev. 5.2.0,control,,Restrict the use of information inputs to [Assignment: organization-defined trusted sources] and/or [Assignment: organization-defined formats].,,,
si-10.6,SI-10(6),SI,Injection prevention,NIST SP 800-53 Rev. 5.2.0,control,,Prevent untrusted data injections.,,,
si-11,SI-11,SI,Error handling,NIST SP 800-53 Rev. 5.2.0,control,,"A. Generate error messages that provide information necessary for corrective actions without revealing information that could be exploited
B. Reveal error messages only to [Assignment: organization-defined personnel or roles]",,,
si-12,SI-12,SI,Information management and retention,NIST SP 800-53 Rev. 5.2.0,control,,"Manage and retain information within the system and information output from the system in accordance with applicable laws, Orders in Council, directives, regulations, policies, standards, guidelines, and operational requirements.",,,
si-12.1,SI-12(1),SI,Limit personal information elements,NIST SP 800-53 Rev. 5.2.0,control,,Limit personal information being processed in the information lifecycle to the following elements of personal information: [Assignment: organization-defined elements of personal information].,,"The Privacy Regulations stipulate that personal information, if used to make administrative decisions, must be retained for 2 years past the last administrative action, to enable the individual to request access to their personal information. If personal information is aggregated and it is determined that the individual cannot be re-identified using the aggregate data, this information can be held for as long as necessary.",
si-12.2,SI-12(2),SI,"Minimize personal information in testing, training, and research",NIST SP 800-53 Rev. 5.2.0,control,,"Use the following techniques to minimize the use of personal information for research, testing, or training: [Assignment: organization-defined techniques].",,"If personal information is to be used for research, testing or training, individuals should be provided prior notice about this use, and the associated (if applicable) PIB should reflect this use of the personal information. If the use of the personal information for these purposes is not considered to be a use consistent with the purpose of collection, consent to use the personal information may be required.",
si-12.3,SI-12(3),SI,Information disposal,NIST SP 800-53 Rev. 5.2.0,control,,"Use the following techniques to dispose of, destroy, or erase information following the retention period: [Assignment: organization-defined techniques].",,,
si-13,SI-13,SI,Predictable failure prevention,NIST SP 800-53 Rev. 5.2.0,control,,"A. Determine mean time to failure (MTTF) for the following system components in specific environments of operation: [Assignment: organization-defined system components]
B. Provide substitute system components and a means to exchange active and standby components in accordance with the following criteria: [Assignment: organization-defined MTTF substitution criteria]",,,
si-13.1,SI-13(1),SI,Transferring component responsibilities,NIST SP 800-53 Rev. 5.2.0,control,,Take system components out of service by transferring component responsibilities to substitute components no later than [Assignment: organization-defined fraction or percentage] of mean time to failure.,,,
si-13.2,SI-13(2),SI,Time Limit on Process Execution Without Supervision,NIST SP 800-53 Rev. 5.2.0,,withdrawn,,,,
si-13.3,SI-13(3),SI,Manual transfer between components,NIST SP 800-53 Rev. 5.2.0,control,,Manually initiate transfers between active and standby system components when the use of the active component reaches [Assignment: organization-defined percentage] of the MTTF.,,,
si-13.4,SI-13(4),SI,Standby component installation and notification,NIST SP 800-53 Rev. 5.2.0,control,,"If system component failures are detected:
a. ensure that the standby components are successfully and transparently installed within [Assignment: organization-defined time period]
b. [Selection (1 or more): Activate [Assignment: organization-defined alarm]; Automatically shut down the system; [Assignment: organization-defined action]]",,,
si-13.5,SI-13(5),SI,Failover capability,NIST SP 800-53 Rev. 5.2.0,control,,Provide [Selection (1): real-time; near real-time] [Assignment: organization-defined failover capability] for the system.,,,
si-14,SI-14,SI,Non-persistence,NIST SP 800-53 Rev. 5.2.0,control,,Implement non-persistent [Assignment: organization-defined system components and services] that are initiated in a known state and terminated [Selection (1 or more): upon end of session of use; periodically at [Assignment: organization-defined frequency]].,,,
si-14.1,SI-14(1),SI,Refresh from trusted sources,NIST SP 800-53 Rev. 5.2.0,control,,Obtain software and data employed during system component and service refreshes from the following trusted sources: [Assignment: organization-defined trusted sources].,,,
si-14.2,SI-14(2),SI,Non-persistent information,NIST SP 800-53 Rev. 5.2.0,control,,"a. [Selection (1): Refresh [Assignment: organization-defined information] [Assignment: organization-defined frequency]; Generate [Assignment: organization-defined information] on demand]
b. Delete information when no longer needed",,,
si-14.3,SI-14(3),SI,Non-persistent connectivity,NIST SP 800-53 Rev. 5.2.0,control,,Establish connections to the system on demand and terminate connections after [Selection (1): completion of a request; a period of non-use].,,,
si-15,SI-15,SI,Information output filtering,NIST SP 800-53 Rev. 5.2.0,control,,Validate information output from the following software programs and/or applications to ensure that the information is consistent with the expected content: [Assignment: organization-defined software programs and/or applications].,,,
si-16,SI-16,SI,Memory protection,NIST SP 800-53 Rev. 5.2.0,control,,Implement the following controls to protect the system memory from unauthorized code execution: [Assignment: organization-defined controls].,,,
si-17,SI-17,SI,Fail-safe procedures,NIST SP 800-53 Rev. 5.2.0,control,,Implement the indicated fail-safe procedures when the indicated failures occur: [Assignment: organization-defined list of failure conditions and associated fail-safe procedures].,,,
si-18,SI-18,SI,Personal information quality operations,NIST SP 800-53 Rev. 5.2.0,control,,"A. Ensure the accuracy, relevance, timeliness, and completeness of personal information used for an administrative purpose by the organization across the information lifecycle [Assignment: organization-defined frequency]
B. Correct or delete inaccurate or outdated personal information",,"If the personal information is used or intended to be used as part of an administrative purpose, organizations need to ensure its accuracy. The measures taken to validate the accuracy of personal information used to make determinations about the rights, benefits, or privileges of individuals covered under federal programs may be more comprehensive than the measures used to validate personal information used for less sensitive purposes.

Individuals have the right to request that incorrect information be corrected in government records where they believe there is an error or omission. Organizations must notify the individuals of the correction or notation. Organizations use discretion when determining if personal information is to be corrected or deleted based on the scope of requests, the changes sought, the impact of the changes, and laws, regulations, and policies. Organizational personnel consult with the appropriate privacy senior official or executive and legal counsel regarding appropriate instances of correction or deletion.",
si-18.1,SI-18(1),SI,Automation support,NIST SP 800-53 Rev. 5.2.0,control,,"Correct or delete personal information that is inaccurate or outdated, incorrectly determined regarding impact, or incorrectly de-identified using [Assignment: organization-defined automated mechanisms].",,,
si-18.2,SI-18(2),SI,Data tags,NIST SP 800-53 Rev. 5.2.0,control,,Employ data tags to automate the correction or deletion of personal information across the information lifecycle within organizational systems.,,,
si-18.3,SI-18(3),SI,Collection,NIST SP 800-53 Rev. 5.2.0,control,,"Collect personal information directly from the individual, wherever possible.",,"Organizations shall, wherever possible, collect personal information that is intended to be used for an administrative purpose directly from the individual to whom it relates except where the individual authorizes otherwise or where personal information may be disclosed to the institution from another credible source, unless it would result in inaccurate information; or defeat the purpose or prejudice the use for which information is collected.",
si-18.4,SI-18(4),SI,Individual requests,NIST SP 800-53 Rev. 5.2.0,control,,Correct or delete personal information upon request by individuals or their designated representatives.,,,
si-18.5,SI-18(5),SI,Notice of correction or deletion,NIST SP 800-53 Rev. 5.2.0,control,,Notify [Assignment: organization-defined recipients of personal information] and individuals that the personal information has been corrected or deleted.,,,
si-19,SI-19,SI,De-identification,NIST SP 800-53 Rev. 5.2.0,control,,"A. Remove the following elements of personal information from datasets: [Assignment: organization-defined elements of personal information]
B. Evaluate [Assignment: organization-defined frequency] for effectiveness of de-identification
AA. Consider the privacy injury if information that may be available in the public enables re-identification of individuals",,,
si-19.1,SI-19(1),SI,Collection,NIST SP 800-53 Rev. 5.2.0,control,,De-identify the dataset upon collection by not collecting personal information.,,,
si-19.2,SI-19(2),SI,Archiving,NIST SP 800-53 Rev. 5.2.0,control,,Prohibit archiving of personal information elements if those elements in a dataset will not be needed after the dataset is archived.,,,
si-19.3,SI-19(3),SI,Release,NIST SP 800-53 Rev. 5.2.0,control,,Remove personal information elements from a dataset prior to its release if those elements in the dataset do not need to be part of the data release.,,"Prior to releasing a dataset, a data custodian considers the intended uses of the dataset and determines the originating program’s authority to release, the recipient’s authority for collection and document the use of each personal information data element against the express purpose of the recipient program. If the personal information is not necessary, the information should not be disclosed.",
si-19.4,SI-19(4),SI,"Removal, masking, encryption, hashing, or replacement of direct identifiers",NIST SP 800-53 Rev. 5.2.0,control,,"Remove, mask, encrypt, hash, or replace direct identifiers in a dataset.",,,
si-19.5,SI-19(5),SI,Statistical disclosure control,NIST SP 800-53 Rev. 5.2.0,control,,"Manipulate numerical data, contingency tables, and statistical findings so that no individual or organization is identifiable in the results of the analysis.",,,
si-19.6,SI-19(6),SI,Differential privacy,NIST SP 800-53 Rev. 5.2.0,control,,Prevent disclosure of personal information by adding non-deterministic noise to the results of mathematical operations before the results are reported.,,,
si-19.7,SI-19(7),SI,Validated algorithms and software,NIST SP 800-53 Rev. 5.2.0,control,,Perform de-identification using validated algorithms and software that is validated to implement the algorithms.,,,
si-19.8,SI-19(8),SI,Motivated intruder,NIST SP 800-53 Rev. 5.2.0,control,,Perform a motivated intruder test on the de-identified dataset to determine if the identified data remains or if the de-identified data can be re-identified.,,,
si-20,SI-20,SI,Tainting,NIST SP 800-53 Rev. 5.2.0,control,,Embed data or capabilities in the following systems or system components to determine if organizational data has been exfiltrated or improperly removed from the organization: [Assignment: organization-defined systems or system components].,,,
si-21,SI-21,SI,Information refresh,NIST SP 800-53 Rev. 5.2.0,control,,Refresh [Assignment: organization-defined information] at [Assignment: organization-defined frequencies] or generate the information on demand and delete the information when no longer needed.,,,
si-22,SI-22,SI,Information diversity,NIST SP 800-53 Rev. 5.2.0,control,,"A. Identify the following alternative sources of information for [Assignment: organization-defined essential functions and services]: [Assignment: organization-defined alternative information sources]
B. Use an alternative information source for the execution of essential functions or services on [Assignment: organization-defined systems or system components] when the primary source of information is corrupted or unavailable",,,
si-23,SI-23,SI,Information fragmentation,NIST SP 800-53 Rev. 5.2.0,control,,"Based on [Assignment: organization-defined circumstances]:
A. fragment the following information: [Assignment: organization-defined information]
B. distribute the fragmented information across the following systems or system components: [Assignment: organization-defined systems or system components]",,,
si-400,SI-400,SI,Dedicated administration workstation,CCCS,control,,"Require any administrative or superuser actions to be performed from a physical workstation that is dedicated to those specific tasks and isolated from all other functions and networks, and especially from any form of Internet access.",,,
si-400.1,SI-400(1),SI,Thin client dedicated administration workstation,CCCS,control,,Implement virtualized DAW inside network-isolated physical thin client DAW.,,,
si-400.2,SI-400(2),SI,VPN on carrier private network,CCCS,control,,"Connect a DAW to a target network using carrier private networks (e.g., virtual private LAN service (VPLS) or multiprotocol label switching (MPLS)) with VPN encryption.",,,
si-400.3,SI-400(3),SI,Local area network,CCCS,control,,Connect a DAW to a target network using only LAN.,,,
si-400.4,SI-400(4),SI,Console access only,CCCS,control,,Connect a DAW to the target system using only direct console ports.,,,
si-400.5,SI-400(5),SI,Dedicated physical workstation,CCCS,control,,Use a single-purpose physical workstation as the DAW.,,,
si-400.6,SI-400(6),SI,Heterogeneous administrative access,CCCS,control,,Use a different operating system for the DAW relative to the target system.,,,
sr-1,SR-1,SR,Supply chain risk management policy and procedures,NIST SP 800-53 Rev. 5.2.0,activity,,"A. Develop, document, and disseminate to [Assignment: organization-defined personnel or roles]
1. [Selection (1 or more): Organization-level; Mission/business process-level; System-level] supply chain risk management (SCRM) policy that
   a. addresses purpose, scope, roles, responsibilities, management commitment, coordination among organizational entities, and compliance
   b. is consistent with applicable laws, Orders in Council, directives, regulations, policies, standards, and guidelines
2. procedures to facilitate the implementation of the SCRM policy and the associated SCRM controls
   B. Designate an [Assignment: organization-defined official] to manage the development, documentation, and dissemination of the SCRM policy and procedures
   C. Review and update the current SCRM
3. policy [Assignment: organization-defined frequency] and following [Assignment: organization-defined events]
4. procedures [Assignment: organization-defined frequency] and following [Assignment: organization-defined events]",,,
sr-2,SR-2,SR,Supply chain risk management plan,NIST SP 800-53 Rev. 5.2.0,activity,,"A. Develop a plan for managing supply chain risks associated with the research and development, design, manufacturing, acquisition, delivery, integration, operations and maintenance, and disposal of the following systems, system components or system services: [Assignment: organization-defined systems, system components, or system services]
B. Review and update the SCRM plan [Assignment: organization-defined frequency] or as required, to address threat, organizational or environmental changes
C. Protect the SCRM plan from unauthorized disclosure and modification",,,
sr-2.1,SR-2(1),SR,Establish a SCRM team,NIST SP 800-53 Rev. 5.2.0,activity,,"Establish a SCRM team consisting of [Assignment: organization-defined personnel, roles, and responsibilities] to lead and support the following SCRM activities: [Assignment: organization-defined SCRM activities].",,,
sr-3,SR-3,SR,Supply chain controls and processes,NIST SP 800-53 Rev. 5.2.0,control,,"A. Establish a process or processes to identify and address weaknesses or deficiencies in the supply chain elements and processes of [Assignment: organization-defined system or system component] in coordination with [Assignment: organization-defined supply chain personnel]
B. Employ the following controls to protect against supply chain risks to the system, system component, or system service and to limit the harm or consequences from supply chain-related events: [Assignment: organization-defined supply chain controls]
C. Document the selected and implemented supply chain processes and controls in [Selection (1): security and privacy plans; SCRM plan; [Assignment: organization-defined document]]",,,
sr-3.1,SR-3(1),SR,Diverse supply base,NIST SP 800-53 Rev. 5.2.0,control,,Employ a diverse set of sources for the following system components and services: [Assignment: organization-defined system components and services].,,,
sr-3.2,SR-3(2),SR,Limitation of harm,NIST SP 800-53 Rev. 5.2.0,control,,Employ the following controls to limit harm from potential adversaries identifying and targeting the organizational supply chain: [Assignment: organization-defined controls].,,,
sr-3.3,SR-3(3),SR,Sub-tier flow-down,NIST SP 800-53 Rev. 5.2.0,control,,Ensure that the controls included in the contracts of prime contractors are also included in the contracts of subcontractors.,,,
sr-4,SR-4,SR,Provenance,NIST SP 800-53 Rev. 5.2.0,control,,"Document, monitor, and maintain valid provenance of the following systems, system components, and associated data: [Assignment: organization-defined systems, system components, and associated data].",,,
sr-4.1,SR-4(1),SR,Identity,NIST SP 800-53 Rev. 5.2.0,control,,"Establish and maintain unique identification of the following supply chain elements, processes, and personnel associated with the identified system and critical system components: [Assignment: organization-defined supply chain elements, processes, and personnel associated with organization-defined systems and critical system components].",,,
sr-4.2,SR-4(2),SR,Track and trace,NIST SP 800-53 Rev. 5.2.0,control,,Establish and maintain unique identification of the following systems and critical system components for tracking through the supply chain: [Assignment: organization-defined systems and critical system components].,,,
sr-4.3,SR-4(3),SR,Validate as genuine and not altered,NIST SP 800-53 Rev. 5.2.0,control,,Employ the following controls to validate that the system or system component received is genuine and has not been altered: [Assignment: organization-defined controls].,,,
sr-4.4,SR-4(4),SR,Supply chain integrity — pedigree,NIST SP 800-53 Rev. 5.2.0,control,,"Employ [Assignment: organization-defined controls] and conduct [Assignment: organization-defined analysis] to ensure the integrity of the system and system components by validating the internal composition and provenance of critical or mission-essential technologies, products, and services.",,,
sr-5,SR-5,SR,"Acquisition strategies, tools, and methods",NIST SP 800-53 Rev. 5.2.0,control,,"Employ the following acquisition strategies, contract tools, and procurement methods to protect against, identify, and mitigate supply chain risks: [Assignment: organization-defined acquisition strategies, contract tools, and procurement methods].",,,
sr-5.1,SR-5(1),SR,Adequate supply,NIST SP 800-53 Rev. 5.2.0,control,,Employ the following controls to ensure an adequate supply of [Assignment: organization-defined critical system components]: [Assignment: organization-defined controls].,,,
sr-5.2,SR-5(2),SR,"Assessments prior to selection, acceptance, modification, or update",NIST SP 800-53 Rev. 5.2.0,control,,"Assess the system, system component, or system service prior to selection, acceptance, modification, or update.",,,
sr-6,SR-6,SR,Supplier assessments and reviews,NIST SP 800-53 Rev. 5.2.0,control,,"Assess and review the supply chain-related risks associated with suppliers or contractors and the system, system component, or system service they provide [Assignment: organization-defined frequency].",,,
sr-6.1,SR-6(1),SR,Testing and analysis,NIST SP 800-53 Rev. 5.2.0,control,,"Employ [Selection (1 or more): organizational analysis; independent third-party analysis; organizational testing; independent third-party testing] of the following supply chain elements, processes, and actors associated with the system, system component, or system service: [Assignment: organization-defined supply chain elements, processes, and actors].",,,
sr-7,SR-7,SR,Supply chain operations security,NIST SP 800-53 Rev. 5.2.0,control,,"Employ the following OPSEC controls to protect supply chain-related information for the system, system component, or system service: [Assignment: organization-defined OPSEC controls].",,,
sr-8,SR-8,SR,Notification agreements,NIST SP 800-53 Rev. 5.2.0,control,,"Establish agreements and procedures with entities involved in the supply chain for the system, system component, or system service for the [Selection (1 or more): notification of supply chain compromises; results of assessments or audits; [Assignment: organization-defined information]].",,,
sr-9,SR-9,SR,Tamper resistance and detection,NIST SP 800-53 Rev. 5.2.0,control,,"Implement a tamper protection program for the system, system component, or system service.",,,
sr-9.1,SR-9(1),SR,Multiple stages of system development lifecycle,NIST SP 800-53 Rev. 5.2.0,control,,"Employ anti-tamper technologies, tools, and techniques throughout the system development lifecycle.",,,
sr-10,SR-10,SR,Inspection of systems or components,NIST SP 800-53 Rev. 5.2.0,control,,"Inspect the following systems or system components [Selection (1 or more): at random; at [Assignment: organization-defined frequency], upon [Assignment: organization-defined indications of need for inspection]] to detect tampering: [Assignment: organization-defined systems or system components].",,,
sr-11,SR-11,SR,Component authenticity,NIST SP 800-53 Rev. 5.2.0,control,,"A. Develop and implement anti-counterfeiting policy and procedures that include the means to detect and prevent counterfeit components from entering the system
B. Report counterfeit system components to [Selection (1 or more): source of counterfeit component; [Assignment: organization-defined external reporting organizations]; [Assignment: organization-defined personnel or roles]]",,,
sr-11.1,SR-11(1),SR,Anti-counterfeit training,NIST SP 800-53 Rev. 5.2.0,control,,"Train [Assignment: organization-defined personnel or roles] to detect counterfeit system components (including hardware, software, and firmware).",,,
sr-11.2,SR-11(2),SR,Configuration control for component service and repair,NIST SP 800-53 Rev. 5.2.0,control,,Maintain configuration control over the following system components awaiting service or repair and over serviced or repaired components awaiting return to service: [Assignment: organization-defined system components].,,,
sr-11.3,SR-11(3),SR,Anti-counterfeit scanning,NIST SP 800-53 Rev. 5.2.0,control,,Scan for counterfeit system components [Assignment: organization-defined frequency].,,,
sr-12,SR-12,SR,Component disposal,NIST SP 800-53 Rev. 5.2.0,control,,"Dispose of [Assignment: organization-defined data, documentation, tools, or system components] using the following techniques and methods: [Assignment: organization-defined techniques and methods].",,,
